student_index,predicted_category,confidence,risk_level,intervention_priority,top_recommendation
0,Low,0.9923893782215144,Critical,HIGH,Schedule one-on-one academic counseling within one week.
1,Low,0.9962832052766087,Critical,HIGH,Schedule one-on-one academic counseling within one week.
2,Medium,0.719253313929061,Moderate,MEDIUM,Monitor weekly quiz scores and attendance trends.
3,High,0.9915290324119657,Low,LOW,Maintain current support level; recognize positive performance.
4,Medium,0.9735267641450785,Moderate,MEDIUM,Monitor weekly quiz scores and attendance trends.
5,High,0.9977271403886423,Low,LOW,Maintain current support level; recognize positive performance.
6,Medium,0.974045344075479,Moderate,MEDIUM,Monitor weekly quiz scores and attendance trends.
7,Low,0.9981838265329054,Critical,HIGH,Schedule one-on-one academic counseling within one week.
8,High,0.9967984951496321,Low,LOW,Maintain current support level; recognize positive performance.
9,High,0.9959086525611905,Low,LOW,Maintain current support level; recognize positive performance.
10,Low,0.9552896656994251,Critical,HIGH,Schedule one-on-one academic counseling within one week.
11,Medium,0.9224694509188802,Moderate,MEDIUM,Monitor weekly quiz scores and attendance trends.
12,High,0.9246860978348955,Low,LOW,Maintain current support level; recognize positive performance.
13,Medium,0.9783670227756895,Moderate,MEDIUM,Monitor weekly quiz scores and attendance trends.
14,High,0.982431539930684,Low,LOW,Maintain current support level; recognize positive performance.
15,High,0.9823507556140639,Low,LOW,Maintain current support level; recognize positive performance.
16,High,0.9416982898189099,Low,LOW,Maintain current support level; recognize positive performance.
17,Medium,0.9567509291467848,Moderate,MEDIUM,Monitor weekly quiz scores and attendance trends.
18,Low,0.9963743300794485,Critical,HIGH,Schedule one-on-one academic counseling within one week.
19,Medium,0.7414395980282732,Moderate,MEDIUM,Monitor weekly quiz scores and attendance trends.
20,High,0.9916998421967739,Low,LOW,Maintain current support level; recognize positive performance.
21,High,0.9823494688829223,Low,LOW,Maintain current support level; recognize positive performance.
22,High,0.9988069968643657,Low,LOW,Maintain current support level; recognize positive performance.
23,Medium,0.8030578365795279,Moderate,MEDIUM,Monitor weekly quiz scores and attendance trends.
24,Low,0.768100508038487,Critical,HIGH,Schedule one-on-one academic counseling within one week.
25,Low,0.9190489821996538,Critical,HIGH,Schedule one-on-one academic counseling within one week.
26,Medium,0.9902373288553525,Moderate,MEDIUM,Monitor weekly quiz scores and attendance trends.
27,High,0.9966251285914619,Low,LOW,Maintain current support level; recognize positive performance.
28,Medium,0.9957603402658088,Moderate,MEDIUM,Monitor weekly quiz scores and attendance trends.
29,Medium,0.9148727990797257,Moderate,MEDIUM,Monitor weekly quiz scores and attendance trends.
30,Medium,0.980737840983377,Moderate,MEDIUM,Monitor weekly quiz scores and attendance trends.
31,High,0.9981124883213383,Low,LOW,Maintain current support level; recognize positive performance.
32,High,0.9957289841065075,Low,LOW,Maintain current support level; recognize positive performance.
33,Medium,0.5652038284042811,Critical,MEDIUM,Monitor weekly quiz scores and attendance trends.
34,High,0.8489118295389637,Low,LOW,Maintain current support level; recognize positive performance.
35,Low,0.983421963002896,Critical,HIGH,Schedule one-on-one academic counseling within one week.
36,High,0.997300712928104,Low,LOW,Maintain current support level; recognize positive performance.
37,High,0.998206959158258,Low,LOW,Maintain current support level; recognize positive performance.
38,Medium,0.9926706023967802,Moderate,MEDIUM,Monitor weekly quiz scores and attendance trends.
39,Medium,0.9357480156298894,Moderate,MEDIUM,Monitor weekly quiz scores and attendance trends.
40,Medium,0.9329317172256668,Moderate,MEDIUM,Monitor weekly quiz scores and attendance trends.
41,Medium,0.9794359120895785,Moderate,MEDIUM,Monitor weekly quiz scores and attendance trends.
42,High,0.9982362900680926,Low,LOW,Maintain current support level; recognize positive performance.
43,Medium,0.7011726616331008,Moderate,MEDIUM,Monitor weekly quiz scores and attendance trends.
44,Low,0.7489004150064399,Critical,HIGH,Schedule one-on-one academic counseling within one week.
45,Low,0.9682416477805161,Critical,HIGH,Schedule one-on-one academic counseling within one week.
46,Medium,0.9896895963463045,Moderate,MEDIUM,Monitor weekly quiz scores and attendance trends.
47,High,0.9975514362939945,Low,LOW,Maintain current support level; recognize positive performance.
48,High,0.9945907285073471,Low,LOW,Maintain current support level; recognize positive performance.
49,Low,0.9930779357165643,Critical,HIGH,Schedule one-on-one academic counseling within one week.
50,Medium,0.9717703011592678,Moderate,MEDIUM,Monitor weekly quiz scores and attendance trends.
51,Medium,0.8787769885832799,Moderate,MEDIUM,Monitor weekly quiz scores and attendance trends.
52,Medium,0.9730225575074418,Moderate,MEDIUM,Monitor weekly quiz scores and attendance trends.
53,Medium,0.8366853417880138,Moderate,MEDIUM,Monitor weekly quiz scores and attendance trends.
54,Medium,0.9857411906697539,Moderate,MEDIUM,Monitor weekly quiz scores and attendance trends.
55,Medium,0.7995672820084357,Moderate,MEDIUM,Monitor weekly quiz scores and attendance trends.
56,High,0.9959137187328104,Low,LOW,Maintain current support level; recognize positive performance.
57,High,0.9953625667688274,Low,LOW,Maintain current support level; recognize positive performance.
58,Low,0.8609772167198968,Critical,HIGH,Schedule one-on-one academic counseling within one week.
59,High,0.9958063969417897,Low,LOW,Maintain current support level; recognize positive performance.
60,Medium,0.9857561474641686,Moderate,MEDIUM,Monitor weekly quiz scores and attendance trends.
61,Medium,0.83365125498406,Moderate,MEDIUM,Monitor weekly quiz scores and attendance trends.
62,Low,0.5271789407723685,Critical,HIGH,Schedule one-on-one academic counseling within one week.
63,Low,0.918598703663782,Critical,HIGH,Schedule one-on-one academic counseling within one week.
64,Medium,0.8791883735045096,Moderate,MEDIUM,Monitor weekly quiz scores and attendance trends.
65,High,0.9985658525699317,Low,LOW,Maintain current support level; recognize positive performance.
66,Medium,0.9658520646251173,Moderate,MEDIUM,Monitor weekly quiz scores and attendance trends.
67,Low,0.9685920297676618,Critical,HIGH,Schedule one-on-one academic counseling within one week.
68,Low,0.8467868220077421,Critical,HIGH,Schedule one-on-one academic counseling within one week.
69,High,0.9983507953227206,Low,LOW,Maintain current support level; recognize positive performance.
70,High,0.9741866844874755,Low,LOW,Maintain current support level; recognize positive performance.
71,Medium,0.9244089674485426,Moderate,MEDIUM,Monitor weekly quiz scores and attendance trends.
72,Low,0.9865752021078162,Critical,HIGH,Schedule one-on-one academic counseling within one week.
73,High,0.5524503022654202,Low,LOW,Maintain current support level; recognize positive performance.
74,Medium,0.9914259204829112,Moderate,MEDIUM,Monitor weekly quiz scores and attendance trends.
75,Medium,0.6662372936213061,Moderate,MEDIUM,Monitor weekly quiz scores and attendance trends.
76,Medium,0.99068522067678,Moderate,MEDIUM,Monitor weekly quiz scores and attendance trends.
77,Medium,0.9897644520986317,Moderate,MEDIUM,Monitor weekly quiz scores and attendance trends.
78,Medium,0.8639613246731737,Moderate,MEDIUM,Monitor weekly quiz scores and attendance trends.
79,Low,0.9980108451936915,Critical,HIGH,Schedule one-on-one academic counseling within one week.
80,Medium,0.96616463871928,Moderate,MEDIUM,Monitor weekly quiz scores and attendance trends.
81,Medium,0.9859186537865899,Moderate,MEDIUM,Monitor weekly quiz scores and attendance trends.
82,Low,0.9934621998043489,Critical,HIGH,Schedule one-on-one academic counseling within one week.
83,High,0.9882861123081172,Low,LOW,Maintain current support level; recognize positive performance.
84,Medium,0.8618310371726989,Moderate,MEDIUM,Monitor weekly quiz scores and attendance trends.
85,Low,0.8107012563444864,Critical,HIGH,Schedule one-on-one academic counseling within one week.
86,Low,0.9936608496335384,Critical,HIGH,Schedule one-on-one academic counseling within one week.
87,High,0.9708014104927838,Low,LOW,Maintain current support level; recognize positive performance.
88,Medium,0.9617096573944363,Moderate,MEDIUM,Monitor weekly quiz scores and attendance trends.
89,Low,0.9930952744002007,Critical,HIGH,Schedule one-on-one academic counseling within one week.
90,Low,0.998145851711088,Critical,HIGH,Schedule one-on-one academic counseling within one week.
91,High,0.9951193763254138,Low,LOW,Maintain current support level; recognize positive performance.
92,Low,0.9914024690508846,Critical,HIGH,Schedule one-on-one academic counseling within one week.
93,Medium,0.9909472803298239,Moderate,MEDIUM,Monitor weekly quiz scores and attendance trends.
94,High,0.7421180037409973,Low,LOW,Maintain current support level; recognize positive performance.
95,Medium,0.975290940190308,Moderate,MEDIUM,Monitor weekly quiz scores and attendance trends.
96,High,0.9883348274181925,Low,LOW,Maintain current support level; recognize positive performance.
97,Low,0.7598766429754571,Critical,HIGH,Schedule one-on-one academic counseling within one week.
98,High,0.9733153517329255,Low,LOW,Maintain current support level; recognize positive performance.
99,Low,0.943308037299231,Critical,HIGH,Schedule one-on-one academic counseling within one week.
100,Low,0.9986381774340095,Critical,HIGH,Schedule one-on-one academic counseling within one week.
101,High,0.9973575497994462,Low,LOW,Maintain current support level; recognize positive performance.
102,Medium,0.8672751860931857,Moderate,MEDIUM,Monitor weekly quiz scores and attendance trends.
103,Low,0.955911642829589,Critical,HIGH,Schedule one-on-one academic counseling within one week.
104,High,0.99716199213321,Low,LOW,Maintain current support level; recognize positive performance.
105,Medium,0.9601422279087221,Moderate,MEDIUM,Monitor weekly quiz scores and attendance trends.
106,Low,0.9169998565757329,Critical,HIGH,Schedule one-on-one academic counseling within one week.
107,High,0.9980710655449503,Low,LOW,Maintain current support level; recognize positive performance.
108,Medium,0.9893220584446016,Moderate,MEDIUM,Monitor weekly quiz scores and attendance trends.
109,High,0.9976410504174419,Low,LOW,Maintain current support level; recognize positive performance.
110,High,0.9972152941976538,Low,LOW,Maintain current support level; recognize positive performance.
111,Medium,0.9734948552433078,Moderate,MEDIUM,Monitor weekly quiz scores and attendance trends.
112,Medium,0.9455891139265138,Moderate,MEDIUM,Monitor weekly quiz scores and attendance trends.
113,High,0.9883781221715587,Low,LOW,Maintain current support level; recognize positive performance.
114,Low,0.768655083931189,Critical,HIGH,Schedule one-on-one academic counseling within one week.
115,High,0.9984342838635957,Low,LOW,Maintain current support level; recognize positive performance.
116,High,0.7375727283196327,Low,LOW,Maintain current support level; recognize positive performance.
117,Medium,0.5421044223853466,Moderate,MEDIUM,Monitor weekly quiz scores and attendance trends.
118,Low,0.9925129363199147,Critical,HIGH,Schedule one-on-one academic counseling within one week.
119,Medium,0.6495659895150423,Moderate,MEDIUM,Monitor weekly quiz scores and attendance trends.
120,High,0.9971177898175154,Low,LOW,Maintain current support level; recognize positive performance.
121,High,0.9766188586017912,Low,LOW,Maintain current support level; recognize positive performance.
122,Medium,0.966160827204957,Moderate,MEDIUM,Monitor weekly quiz scores and attendance trends.
123,Medium,0.9935837357255844,Moderate,MEDIUM,Monitor weekly quiz scores and attendance trends.
124,Low,0.9984458376896316,Critical,HIGH,Schedule one-on-one academic counseling within one week.
125,Medium,0.9347616576251798,Moderate,MEDIUM,Monitor weekly quiz scores and attendance trends.
126,Medium,0.9447865307633321,Moderate,MEDIUM,Monitor weekly quiz scores and attendance trends.
127,Low,0.9836261264245093,Critical,HIGH,Schedule one-on-one academic counseling within one week.
128,Low,0.9924401596424604,Critical,HIGH,Schedule one-on-one academic counseling within one week.
129,High,0.9952050304206267,Low,LOW,Maintain current support level; recognize positive performance.
130,Low,0.9959312309292565,Critical,HIGH,Schedule one-on-one academic counseling within one week.
131,Low,0.997752050211272,Critical,HIGH,Schedule one-on-one academic counseling within one week.
132,Medium,0.7028159016513698,Moderate,MEDIUM,Monitor weekly quiz scores and attendance trends.
133,Medium,0.9708772548650378,Moderate,MEDIUM,Monitor weekly quiz scores and attendance trends.
134,Low,0.9866578430813535,Critical,HIGH,Schedule one-on-one academic counseling within one week.
135,Low,0.9980505381444359,Critical,HIGH,Schedule one-on-one academic counseling within one week.
136,Low,0.9725234503526221,Critical,HIGH,Schedule one-on-one academic counseling within one week.
137,Low,0.9979955281901924,Critical,HIGH,Schedule one-on-one academic counseling within one week.
138,Medium,0.949419579903238,Moderate,MEDIUM,Monitor weekly quiz scores and attendance trends.
139,High,0.9964990101618754,Low,LOW,Maintain current support level; recognize positive performance.
140,Low,0.8886346818419735,Critical,HIGH,Schedule one-on-one academic counseling within one week.
141,Low,0.7745327790787387,Critical,HIGH,Schedule one-on-one academic counseling within one week.
142,Medium,0.9673759188791795,Moderate,MEDIUM,Monitor weekly quiz scores and attendance trends.
143,High,0.998481774383788,Low,LOW,Maintain current support level; recognize positive performance.
144,Low,0.9980588358417888,Critical,HIGH,Schedule one-on-one academic counseling within one week.
145,Medium,0.9675838135681933,Moderate,MEDIUM,Monitor weekly quiz scores and attendance trends.
146,Low,0.9955224152620116,Critical,HIGH,Schedule one-on-one academic counseling within one week.
147,Medium,0.9828877336460765,Moderate,MEDIUM,Monitor weekly quiz scores and attendance trends.
148,Low,0.997889862418479,Critical,HIGH,Schedule one-on-one academic counseling within one week.
149,Medium,0.956640139645453,Moderate,MEDIUM,Monitor weekly quiz scores and attendance trends.
150,Low,0.9990292314105935,Critical,HIGH,Schedule one-on-one academic counseling within one week.
151,High,0.6256119645204712,Low,LOW,Maintain current support level; recognize positive performance.
152,Medium,0.9756157580450173,Moderate,MEDIUM,Monitor weekly quiz scores and attendance trends.
153,Low,0.9972588266056315,Critical,HIGH,Schedule one-on-one academic counseling within one week.
154,Medium,0.987270918524673,Moderate,MEDIUM,Monitor weekly quiz scores and attendance trends.
155,Low,0.9403821765501037,Critical,HIGH,Schedule one-on-one academic counseling within one week.
156,Medium,0.9814642091082294,Moderate,MEDIUM,Monitor weekly quiz scores and attendance trends.
157,Medium,0.7828572795942462,Moderate,MEDIUM,Monitor weekly quiz scores and attendance trends.
158,High,0.9927870318721949,Low,LOW,Maintain current support level; recognize positive performance.
159,Medium,0.8749638601770803,Moderate,MEDIUM,Monitor weekly quiz scores and attendance trends.
160,Low,0.9971930231762582,Critical,HIGH,Schedule one-on-one academic counseling within one week.
161,Low,0.5865066674579201,Critical,HIGH,Schedule one-on-one academic counseling within one week.
162,Low,0.9955682397494234,Critical,HIGH,Schedule one-on-one academic counseling within one week.
163,Medium,0.9859742477552191,Moderate,MEDIUM,Monitor weekly quiz scores and attendance trends.
164,Low,0.7965886556642628,Critical,HIGH,Schedule one-on-one academic counseling within one week.
165,Medium,0.9967941544162044,Moderate,MEDIUM,Monitor weekly quiz scores and attendance trends.
166,Medium,0.9748210205448427,Moderate,MEDIUM,Monitor weekly quiz scores and attendance trends.
167,High,0.9896598586527863,Low,LOW,Maintain current support level; recognize positive performance.
168,Low,0.9987158514941253,Critical,HIGH,Schedule one-on-one academic counseling within one week.
169,High,0.9798667739885515,Low,LOW,Maintain current support level; recognize positive performance.
170,Low,0.9932443156384325,Critical,HIGH,Schedule one-on-one academic counseling within one week.
171,High,0.9317552568174212,Low,LOW,Maintain current support level; recognize positive performance.
172,Medium,0.990387795078891,Moderate,MEDIUM,Monitor weekly quiz scores and attendance trends.
173,Low,0.998273651758665,Critical,HIGH,Schedule one-on-one academic counseling within one week.
174,Medium,0.6315720343481668,Critical,MEDIUM,Monitor weekly quiz scores and attendance trends.
175,Low,0.7359606091859334,Critical,HIGH,Schedule one-on-one academic counseling within one week.
176,Medium,0.8323968574716327,Moderate,MEDIUM,Monitor weekly quiz scores and attendance trends.
177,Low,0.9957837984337498,Critical,HIGH,Schedule one-on-one academic counseling within one week.
178,Low,0.8811212984461633,Critical,HIGH,Schedule one-on-one academic counseling within one week.
179,Medium,0.9439455782518957,Moderate,MEDIUM,Monitor weekly quiz scores and attendance trends.
180,Low,0.9548218570842804,Critical,HIGH,Schedule one-on-one academic counseling within one week.
181,Medium,0.945157288158361,Moderate,MEDIUM,Monitor weekly quiz scores and attendance trends.
182,High,0.992862705941542,Low,LOW,Maintain current support level; recognize positive performance.
183,Low,0.8451626393975451,Critical,HIGH,Schedule one-on-one academic counseling within one week.
184,Medium,0.8500736964933642,Moderate,MEDIUM,Monitor weekly quiz scores and attendance trends.
185,Medium,0.975633001914954,Moderate,MEDIUM,Monitor weekly quiz scores and attendance trends.
186,Medium,0.9869655606167562,Moderate,MEDIUM,Monitor weekly quiz scores and attendance trends.
187,High,0.9972194852973614,Low,LOW,Maintain current support level; recognize positive performance.
188,Low,0.9974126906892119,Critical,HIGH,Schedule one-on-one academic counseling within one week.
189,Low,0.5951042768820246,Critical,HIGH,Schedule one-on-one academic counseling within one week.
190,Medium,0.9424052528081992,Moderate,MEDIUM,Monitor weekly quiz scores and attendance trends.
191,Low,0.9643880043963354,Critical,HIGH,Schedule one-on-one academic counseling within one week.
192,Low,0.9963541475539902,Critical,HIGH,Schedule one-on-one academic counseling within one week.
193,Medium,0.7933836156733061,Moderate,MEDIUM,Monitor weekly quiz scores and attendance trends.
194,Medium,0.7758949880995993,Moderate,MEDIUM,Monitor weekly quiz scores and attendance trends.
195,High,0.989567528132841,Low,LOW,Maintain current support level; recognize positive performance.
196,High,0.9991290136369643,Low,LOW,Maintain current support level; recognize positive performance.
197,Medium,0.8099537630737308,Moderate,MEDIUM,Monitor weekly quiz scores and attendance trends.
198,High,0.9952207620559725,Low,LOW,Maintain current support level; recognize positive performance.
199,Medium,0.8828986533230865,Moderate,MEDIUM,Monitor weekly quiz scores and attendance trends.
200,High,0.9955498553716794,Low,LOW,Maintain current support level; recognize positive performance.
201,Medium,0.9196865863801544,Moderate,MEDIUM,Monitor weekly quiz scores and attendance trends.
202,Medium,0.7824366168130474,Moderate,MEDIUM,Monitor weekly quiz scores and attendance trends.
203,Low,0.9753521561966676,Critical,HIGH,Schedule one-on-one academic counseling within one week.
204,Medium,0.9714977785946621,Moderate,MEDIUM,Monitor weekly quiz scores and attendance trends.
205,Low,0.9444264561999198,Critical,HIGH,Schedule one-on-one academic counseling within one week.
206,Low,0.9871049903050778,Critical,HIGH,Schedule one-on-one academic counseling within one week.
207,Medium,0.8060537740640371,Moderate,MEDIUM,Monitor weekly quiz scores and attendance trends.
208,Medium,0.9368189434212112,Moderate,MEDIUM,Monitor weekly quiz scores and attendance trends.
209,Low,0.9914958218361272,Critical,HIGH,Schedule one-on-one academic counseling within one week.
210,Low,0.9936385763261896,Critical,HIGH,Schedule one-on-one academic counseling within one week.
211,Medium,0.9890025381467591,Moderate,MEDIUM,Monitor weekly quiz scores and attendance trends.
212,Medium,0.9523734597358802,Moderate,MEDIUM,Monitor weekly quiz scores and attendance trends.
213,Low,0.9984227894465159,Critical,HIGH,Schedule one-on-one academic counseling within one week.
214,Medium,0.94518532177358,Moderate,MEDIUM,Monitor weekly quiz scores and attendance trends.
215,High,0.997862773582405,Low,LOW,Maintain current support level; recognize positive performance.
216,Low,0.9989269571292759,Critical,HIGH,Schedule one-on-one academic counseling within one week.
217,Low,0.9992555926208689,Critical,HIGH,Schedule one-on-one academic counseling within one week.
218,Low,0.9940353880020415,Critical,HIGH,Schedule one-on-one academic counseling within one week.
219,Medium,0.7693832148587747,Moderate,MEDIUM,Monitor weekly quiz scores and attendance trends.
220,Low,0.9983033642265394,Critical,HIGH,Schedule one-on-one academic counseling within one week.
221,Low,0.9990773547436479,Critical,HIGH,Schedule one-on-one academic counseling within one week.
222,High,0.9994702895281805,Low,LOW,Maintain current support level; recognize positive performance.
223,Medium,0.9375587443889368,Moderate,MEDIUM,Monitor weekly quiz scores and attendance trends.
224,Medium,0.5169354007761411,Moderate,MEDIUM,Monitor weekly quiz scores and attendance trends.
225,Low,0.9566074243286212,Critical,HIGH,Schedule one-on-one academic counseling within one week.
226,High,0.9920076547617315,Low,LOW,Maintain current support level; recognize positive performance.
227,Medium,0.9965152895936946,Moderate,MEDIUM,Monitor weekly quiz scores and attendance trends.
228,Low,0.8631510023243449,Critical,HIGH,Schedule one-on-one academic counseling within one week.
229,Medium,0.99782564400984,Moderate,MEDIUM,Monitor weekly quiz scores and attendance trends.
230,High,0.8651663533694767,Low,LOW,Maintain current support level; recognize positive performance.
231,Medium,0.9979028621664298,Moderate,MEDIUM,Monitor weekly quiz scores and attendance trends.
232,Low,0.8641178641898598,Critical,HIGH,Schedule one-on-one academic counseling within one week.
233,Medium,0.8529249552201863,Moderate,MEDIUM,Monitor weekly quiz scores and attendance trends.
234,Low,0.9792261987602427,Critical,HIGH,Schedule one-on-one academic counseling within one week.
235,Medium,0.8479730411638624,Moderate,MEDIUM,Monitor weekly quiz scores and attendance trends.
236,Medium,0.926585184127081,Moderate,MEDIUM,Monitor weekly quiz scores and attendance trends.
237,Medium,0.982935314155538,Moderate,MEDIUM,Monitor weekly quiz scores and attendance trends.
238,Medium,0.9944497913028205,Moderate,MEDIUM,Monitor weekly quiz scores and attendance trends.
239,Low,0.9897102799008958,Critical,HIGH,Schedule one-on-one academic counseling within one week.
240,Medium,0.9439734596188541,Moderate,MEDIUM,Monitor weekly quiz scores and attendance trends.
241,Medium,0.9956945247652983,Moderate,MEDIUM,Monitor weekly quiz scores and attendance trends.
242,Low,0.9929839932486529,Critical,HIGH,Schedule one-on-one academic counseling within one week.
243,Medium,0.9729243992853938,Moderate,MEDIUM,Monitor weekly quiz scores and attendance trends.
244,Low,0.998451346828494,Critical,HIGH,Schedule one-on-one academic counseling within one week.
245,High,0.9901389561519838,Low,LOW,Maintain current support level; recognize positive performance.
246,Medium,0.9434013482920451,Moderate,MEDIUM,Monitor weekly quiz scores and attendance trends.
247,Low,0.9901655353976946,Critical,HIGH,Schedule one-on-one academic counseling within one week.
248,Low,0.9931387174238256,Critical,HIGH,Schedule one-on-one academic counseling within one week.
249,High,0.8976454582825719,Low,LOW,Maintain current support level; recognize positive performance.
250,Low,0.9776973638332364,Critical,HIGH,Schedule one-on-one academic counseling within one week.
251,Medium,0.9817480135008879,Moderate,MEDIUM,Monitor weekly quiz scores and attendance trends.
252,Low,0.9428818573929156,Critical,HIGH,Schedule one-on-one academic counseling within one week.
253,Low,0.791359604542112,Critical,HIGH,Schedule one-on-one academic counseling within one week.
254,Medium,0.9003310728022356,Moderate,MEDIUM,Monitor weekly quiz scores and attendance trends.
255,Low,0.8550847980457331,Critical,HIGH,Schedule one-on-one academic counseling within one week.
256,Medium,0.9652761887226162,Moderate,MEDIUM,Monitor weekly quiz scores and attendance trends.
257,Medium,0.9932750262102856,Moderate,MEDIUM,Monitor weekly quiz scores and attendance trends.
258,High,0.9912115286644766,Low,LOW,Maintain current support level; recognize positive performance.
259,Low,0.867536599417245,Critical,HIGH,Schedule one-on-one academic counseling within one week.
260,High,0.9979243132544231,Low,LOW,Maintain current support level; recognize positive performance.
261,Low,0.9664606386120442,Critical,HIGH,Schedule one-on-one academic counseling within one week.
262,Medium,0.9520625586708756,Moderate,MEDIUM,Monitor weekly quiz scores and attendance trends.
263,Low,0.8526707757177925,Critical,HIGH,Schedule one-on-one academic counseling within one week.
264,Low,0.6948921249046672,Critical,HIGH,Schedule one-on-one academic counseling within one week.
265,High,0.9929660439585468,Low,LOW,Maintain current support level; recognize positive performance.
266,Medium,0.7196740509890138,Moderate,MEDIUM,Monitor weekly quiz scores and attendance trends.
267,Medium,0.9885413580215182,Moderate,MEDIUM,Monitor weekly quiz scores and attendance trends.
268,Low,0.968095244303255,Critical,HIGH,Schedule one-on-one academic counseling within one week.
269,Low,0.9940159028389205,Critical,HIGH,Schedule one-on-one academic counseling within one week.
270,Low,0.9488355385668028,Critical,HIGH,Schedule one-on-one academic counseling within one week.
271,High,0.9978752873352073,Low,LOW,Maintain current support level; recognize positive performance.
272,Medium,0.9949841600224787,Moderate,MEDIUM,Monitor weekly quiz scores and attendance trends.
273,High,0.9927237695901682,Low,LOW,Maintain current support level; recognize positive performance.
274,Medium,0.923254730557207,Moderate,MEDIUM,Monitor weekly quiz scores and attendance trends.
275,Medium,0.9710550058404902,Moderate,MEDIUM,Monitor weekly quiz scores and attendance trends.
276,Low,0.8912228313497464,Critical,HIGH,Schedule one-on-one academic counseling within one week.
277,Low,0.9331744865424546,Critical,HIGH,Schedule one-on-one academic counseling within one week.
278,Low,0.9928298030718304,Critical,HIGH,Schedule one-on-one academic counseling within one week.
279,Medium,0.9611805797059442,Moderate,MEDIUM,Monitor weekly quiz scores and attendance trends.
280,Low,0.8917450856124588,Critical,HIGH,Schedule one-on-one academic counseling within one week.
281,Medium,0.927859347878034,Moderate,MEDIUM,Monitor weekly quiz scores and attendance trends.
282,Medium,0.9060921649297292,Moderate,MEDIUM,Monitor weekly quiz scores and attendance trends.
283,Medium,0.767591992973744,Moderate,MEDIUM,Monitor weekly quiz scores and attendance trends.
284,Medium,0.633500893632135,Critical,MEDIUM,Monitor weekly quiz scores and attendance trends.
285,Medium,0.988243582007151,Moderate,MEDIUM,Monitor weekly quiz scores and attendance trends.
286,High,0.9995671710499934,Low,LOW,Maintain current support level; recognize positive performance.
287,Medium,0.9657614261293028,Moderate,MEDIUM,Monitor weekly quiz scores and attendance trends.
288,High,0.9988179230938935,Low,LOW,Maintain current support level; recognize positive performance.
289,High,0.9834100747087128,Low,LOW,Maintain current support level; recognize positive performance.
290,Medium,0.9964090678410136,Moderate,MEDIUM,Monitor weekly quiz scores and attendance trends.
291,High,0.9966239172410175,Low,LOW,Maintain current support level; recognize positive performance.
292,Medium,0.82088266408743,Moderate,MEDIUM,Monitor weekly quiz scores and attendance trends.
293,High,0.9958812602019221,Low,LOW,Maintain current support level; recognize positive performance.
294,High,0.8336518564613339,Low,LOW,Maintain current support level; recognize positive performance.
295,Medium,0.9879288381617084,Moderate,MEDIUM,Monitor weekly quiz scores and attendance trends.
296,Low,0.8766479851540694,Critical,HIGH,Schedule one-on-one academic counseling within one week.
297,Low,0.9918519369596036,Critical,HIGH,Schedule one-on-one academic counseling within one week.
298,High,0.7779463708600098,Low,LOW,Maintain current support level; recognize positive performance.
299,High,0.9969187665943648,Low,LOW,Maintain current support level; recognize positive performance.
300,Medium,0.9877530569450478,Moderate,MEDIUM,Monitor weekly quiz scores and attendance trends.
301,Medium,0.9962385823508384,Moderate,MEDIUM,Monitor weekly quiz scores and attendance trends.
302,High,0.8751976549551987,Low,LOW,Maintain current support level; recognize positive performance.
303,High,0.9990096127284285,Low,LOW,Maintain current support level; recognize positive performance.
304,Medium,0.9154227421330495,Moderate,MEDIUM,Monitor weekly quiz scores and attendance trends.
305,Medium,0.9423742811414008,Moderate,MEDIUM,Monitor weekly quiz scores and attendance trends.
306,High,0.9854740026261295,Low,LOW,Maintain current support level; recognize positive performance.
307,Low,0.9806255561967102,Critical,HIGH,Schedule one-on-one academic counseling within one week.
308,Medium,0.9897681340773771,Moderate,MEDIUM,Monitor weekly quiz scores and attendance trends.
309,Medium,0.9798861552044288,Moderate,MEDIUM,Monitor weekly quiz scores and attendance trends.
310,Low,0.890743023707661,Critical,HIGH,Schedule one-on-one academic counseling within one week.
311,Medium,0.9578012411543204,Moderate,MEDIUM,Monitor weekly quiz scores and attendance trends.
312,Medium,0.9980910434304607,Moderate,MEDIUM,Monitor weekly quiz scores and attendance trends.
313,Medium,0.9920827794157195,Moderate,MEDIUM,Monitor weekly quiz scores and attendance trends.
314,Medium,0.9666553114590511,Moderate,MEDIUM,Monitor weekly quiz scores and attendance trends.
315,Medium,0.9977390230421079,Moderate,MEDIUM,Monitor weekly quiz scores and attendance trends.
316,Low,0.9612626061229212,Critical,HIGH,Schedule one-on-one academic counseling within one week.
317,Low,0.8215329556229392,Critical,HIGH,Schedule one-on-one academic counseling within one week.
318,Medium,0.9969743317431791,Moderate,MEDIUM,Monitor weekly quiz scores and attendance trends.
319,Medium,0.995688439181521,Moderate,MEDIUM,Monitor weekly quiz scores and attendance trends.
320,Medium,0.9732662449292924,Moderate,MEDIUM,Monitor weekly quiz scores and attendance trends.
321,Low,0.6973691596890779,Critical,HIGH,Schedule one-on-one academic counseling within one week.
322,Medium,0.9982077022053784,Moderate,MEDIUM,Monitor weekly quiz scores and attendance trends.
323,High,0.9919408635803744,Low,LOW,Maintain current support level; recognize positive performance.
324,High,0.99913921432917,Low,LOW,Maintain current support level; recognize positive performance.
325,Medium,0.930007030968935,Moderate,MEDIUM,Monitor weekly quiz scores and attendance trends.
326,High,0.9966416405128219,Low,LOW,Maintain current support level; recognize positive performance.
327,Medium,0.9873912633212264,Moderate,MEDIUM,Monitor weekly quiz scores and attendance trends.
328,Low,0.9401559523976211,Critical,HIGH,Schedule one-on-one academic counseling within one week.
329,High,0.9727811635166052,Low,LOW,Maintain current support level; recognize positive performance.
330,Low,0.9250626899810613,Critical,HIGH,Schedule one-on-one academic counseling within one week.
331,High,0.9934021709103104,Low,LOW,Maintain current support level; recognize positive performance.
332,Low,0.9960530316123588,Critical,HIGH,Schedule one-on-one academic counseling within one week.
333,Low,0.9790375240796886,Critical,HIGH,Schedule one-on-one academic counseling within one week.
334,Medium,0.5889396127108137,Critical,MEDIUM,Monitor weekly quiz scores and attendance trends.
335,High,0.996177084354295,Low,LOW,Maintain current support level; recognize positive performance.
336,Medium,0.9809739106385856,Moderate,MEDIUM,Monitor weekly quiz scores and attendance trends.
337,Low,0.9748048788418556,Critical,HIGH,Schedule one-on-one academic counseling within one week.
338,High,0.9997882128642678,Low,LOW,Maintain current support level; recognize positive performance.
339,Medium,0.9842692255865141,Moderate,MEDIUM,Monitor weekly quiz scores and attendance trends.
340,Medium,0.9752017858093568,Moderate,MEDIUM,Monitor weekly quiz scores and attendance trends.
341,Medium,0.9660429153430068,Moderate,MEDIUM,Monitor weekly quiz scores and attendance trends.
342,High,0.9978925253553059,Low,LOW,Maintain current support level; recognize positive performance.
343,Low,0.9648432846769006,Critical,HIGH,Schedule one-on-one academic counseling within one week.
344,Medium,0.9814889906772207,Moderate,MEDIUM,Monitor weekly quiz scores and attendance trends.
345,High,0.8889092205812936,Low,LOW,Maintain current support level; recognize positive performance.
346,High,0.9955608832825921,Low,LOW,Maintain current support level; recognize positive performance.
347,Low,0.8787321905718937,Critical,HIGH,Schedule one-on-one academic counseling within one week.
348,High,0.9939631213486008,Low,LOW,Maintain current support level; recognize positive performance.
349,Medium,0.6759441233120226,Moderate,MEDIUM,Monitor weekly quiz scores and attendance trends.
350,Low,0.9908173169110975,Critical,HIGH,Schedule one-on-one academic counseling within one week.
351,Medium,0.9701022330174817,Moderate,MEDIUM,Monitor weekly quiz scores and attendance trends.
352,Low,0.9979176152895693,Critical,HIGH,Schedule one-on-one academic counseling within one week.
353,Low,0.9189025370219593,Critical,HIGH,Schedule one-on-one academic counseling within one week.
354,Medium,0.9976842390597428,Moderate,MEDIUM,Monitor weekly quiz scores and attendance trends.
355,Low,0.6361791094429845,Critical,HIGH,Schedule one-on-one academic counseling within one week.
356,Medium,0.9616880207337928,Moderate,MEDIUM,Monitor weekly quiz scores and attendance trends.
357,Medium,0.9568935366930915,Moderate,MEDIUM,Monitor weekly quiz scores and attendance trends.
358,Medium,0.9419334886660383,Moderate,MEDIUM,Monitor weekly quiz scores and attendance trends.
359,High,0.9975758098168951,Low,LOW,Maintain current support level; recognize positive performance.
360,Medium,0.8830100769723831,Moderate,MEDIUM,Monitor weekly quiz scores and attendance trends.
361,Medium,0.7069355258032565,Moderate,MEDIUM,Monitor weekly quiz scores and attendance trends.
362,Medium,0.991691021413396,Moderate,MEDIUM,Monitor weekly quiz scores and attendance trends.
363,High,0.9987212154984036,Low,LOW,Maintain current support level; recognize positive performance.
364,Medium,0.9955926537223314,Moderate,MEDIUM,Monitor weekly quiz scores and attendance trends.
365,Medium,0.9299050308011946,Moderate,MEDIUM,Monitor weekly quiz scores and attendance trends.
366,Medium,0.8783834637345953,Moderate,MEDIUM,Monitor weekly quiz scores and attendance trends.
367,Low,0.9979513343192705,Critical,HIGH,Schedule one-on-one academic counseling within one week.
368,Medium,0.9827850715751825,Moderate,MEDIUM,Monitor weekly quiz scores and attendance trends.
369,Medium,0.9497535132437865,Moderate,MEDIUM,Monitor weekly quiz scores and attendance trends.
370,Low,0.9976062118836188,Critical,HIGH,Schedule one-on-one academic counseling within one week.
371,Medium,0.9758675476407757,Moderate,MEDIUM,Monitor weekly quiz scores and attendance trends.
372,Medium,0.9921673168875708,Moderate,MEDIUM,Monitor weekly quiz scores and attendance trends.
373,Low,0.9959808613274769,Critical,HIGH,Schedule one-on-one academic counseling within one week.
374,High,0.9989502262614043,Low,LOW,Maintain current support level; recognize positive performance.
375,Medium,0.832991418351104,Moderate,MEDIUM,Monitor weekly quiz scores and attendance trends.
376,High,0.9803023562831632,Low,LOW,Maintain current support level; recognize positive performance.
377,Medium,0.851208704373248,Moderate,MEDIUM,Monitor weekly quiz scores and attendance trends.
378,High,0.9991338405748468,Low,LOW,Maintain current support level; recognize positive performance.
379,Medium,0.9684001118096882,Moderate,MEDIUM,Monitor weekly quiz scores and attendance trends.
380,High,0.9950732119862727,Low,LOW,Maintain current support level; recognize positive performance.
381,Low,0.9977418618892208,Critical,HIGH,Schedule one-on-one academic counseling within one week.
382,Medium,0.9963847682256032,Moderate,MEDIUM,Monitor weekly quiz scores and attendance trends.
383,Low,0.9984315351721623,Critical,HIGH,Schedule one-on-one academic counseling within one week.
384,Low,0.9945597019905704,Critical,HIGH,Schedule one-on-one academic counseling within one week.
385,Medium,0.6472958776064253,Critical,MEDIUM,Monitor weekly quiz scores and attendance trends.
386,Low,0.9965005100003713,Critical,HIGH,Schedule one-on-one academic counseling within one week.
387,Low,0.9961640763396655,Critical,HIGH,Schedule one-on-one academic counseling within one week.
388,Low,0.9145529713822246,Critical,HIGH,Schedule one-on-one academic counseling within one week.
389,Low,0.9986138870916761,Critical,HIGH,Schedule one-on-one academic counseling within one week.
390,Low,0.7402722627429799,Critical,HIGH,Schedule one-on-one academic counseling within one week.
391,High,0.9990717816050463,Low,LOW,Maintain current support level; recognize positive performance.
392,Low,0.8783831344111647,Critical,HIGH,Schedule one-on-one academic counseling within one week.
393,Medium,0.8457819543453342,Moderate,MEDIUM,Monitor weekly quiz scores and attendance trends.
394,Low,0.9418663840671412,Critical,HIGH,Schedule one-on-one academic counseling within one week.
395,Medium,0.9884653207270044,Moderate,MEDIUM,Monitor weekly quiz scores and attendance trends.
396,Medium,0.9791132310727282,Moderate,MEDIUM,Monitor weekly quiz scores and attendance trends.
397,Medium,0.5166885786682323,Moderate,MEDIUM,Monitor weekly quiz scores and attendance trends.
398,High,0.9830686458856553,Low,LOW,Maintain current support level; recognize positive performance.
399,Medium,0.828947780228394,Moderate,MEDIUM,Monitor weekly quiz scores and attendance trends.
400,Medium,0.9432436034948367,Moderate,MEDIUM,Monitor weekly quiz scores and attendance trends.
401,Medium,0.9803098281833749,Moderate,MEDIUM,Monitor weekly quiz scores and attendance trends.
402,Medium,0.9876227455137458,Moderate,MEDIUM,Monitor weekly quiz scores and attendance trends.
403,High,0.9967416049941343,Low,LOW,Maintain current support level; recognize positive performance.
404,Medium,0.9508181098543795,Moderate,MEDIUM,Monitor weekly quiz scores and attendance trends.
405,High,0.9888359810389257,Low,LOW,Maintain current support level; recognize positive performance.
406,Medium,0.9216543292341365,Moderate,MEDIUM,Monitor weekly quiz scores and attendance trends.
407,Medium,0.9057740320182132,Moderate,MEDIUM,Monitor weekly quiz scores and attendance trends.
408,Medium,0.9668593584354513,Moderate,MEDIUM,Monitor weekly quiz scores and attendance trends.
409,High,0.9359870231961084,Low,LOW,Maintain current support level; recognize positive performance.
410,High,0.995501638450003,Low,LOW,Maintain current support level; recognize positive performance.
411,Medium,0.6224712580608728,Moderate,MEDIUM,Monitor weekly quiz scores and attendance trends.
412,High,0.6185855418541404,Low,LOW,Maintain current support level; recognize positive performance.
413,Low,0.9812751045355539,Critical,HIGH,Schedule one-on-one academic counseling within one week.
414,Medium,0.96373433190615,Moderate,MEDIUM,Monitor weekly quiz scores and attendance trends.
415,High,0.908076896796388,Low,LOW,Maintain current support level; recognize positive performance.
416,Medium,0.9650665355500111,Moderate,MEDIUM,Monitor weekly quiz scores and attendance trends.
417,High,0.8025649071576427,Low,LOW,Maintain current support level; recognize positive performance.
418,Medium,0.9856277589713788,Moderate,MEDIUM,Monitor weekly quiz scores and attendance trends.
419,Medium,0.9949485664740367,Moderate,MEDIUM,Monitor weekly quiz scores and attendance trends.
420,Medium,0.9954029559512831,Moderate,MEDIUM,Monitor weekly quiz scores and attendance trends.
421,Medium,0.9716822732817787,Moderate,MEDIUM,Monitor weekly quiz scores and attendance trends.
422,Medium,0.9917175750190163,Moderate,MEDIUM,Monitor weekly quiz scores and attendance trends.
423,Medium,0.99410952856209,Moderate,MEDIUM,Monitor weekly quiz scores and attendance trends.
424,Medium,0.9928580753647581,Moderate,MEDIUM,Monitor weekly quiz scores and attendance trends.
425,Medium,0.988231234719252,Moderate,MEDIUM,Monitor weekly quiz scores and attendance trends.
426,High,0.9982839318400957,Low,LOW,Maintain current support level; recognize positive performance.
427,High,0.9330989701885632,Low,LOW,Maintain current support level; recognize positive performance.
428,Medium,0.9559692713866754,Moderate,MEDIUM,Monitor weekly quiz scores and attendance trends.
429,Medium,0.9728846732225355,Moderate,MEDIUM,Monitor weekly quiz scores and attendance trends.
430,Medium,0.9954155504958495,Moderate,MEDIUM,Monitor weekly quiz scores and attendance trends.
431,High,0.9886435160220011,Low,LOW,Maintain current support level; recognize positive performance.
432,Medium,0.8576191747539413,Moderate,MEDIUM,Monitor weekly quiz scores and attendance trends.
433,Medium,0.9774316939686756,Moderate,MEDIUM,Monitor weekly quiz scores and attendance trends.
434,Medium,0.8522530469001157,Moderate,MEDIUM,Monitor weekly quiz scores and attendance trends.
435,Medium,0.9975105332759514,Moderate,MEDIUM,Monitor weekly quiz scores and attendance trends.
436,Medium,0.9852012718043958,Moderate,MEDIUM,Monitor weekly quiz scores and attendance trends.
437,High,0.9953404362861816,Low,LOW,Maintain current support level; recognize positive performance.
438,Medium,0.9240305250169344,Moderate,MEDIUM,Monitor weekly quiz scores and attendance trends.
439,Medium,0.8325559303962017,Moderate,MEDIUM,Monitor weekly quiz scores and attendance trends.
440,Medium,0.9911733892561981,Moderate,MEDIUM,Monitor weekly quiz scores and attendance trends.
441,Medium,0.9970076716029801,Moderate,MEDIUM,Monitor weekly quiz scores and attendance trends.
442,High,0.9977943072747089,Low,LOW,Maintain current support level; recognize positive performance.
443,Medium,0.9544470969313993,Moderate,MEDIUM,Monitor weekly quiz scores and attendance trends.
444,Medium,0.9702728607291728,Moderate,MEDIUM,Monitor weekly quiz scores and attendance trends.
445,Medium,0.8759812258744962,Moderate,MEDIUM,Monitor weekly quiz scores and attendance trends.
446,High,0.9910005277272405,Low,LOW,Maintain current support level; recognize positive performance.
447,Low,0.8412036594863362,Critical,HIGH,Schedule one-on-one academic counseling within one week.
448,Medium,0.9902773651478024,Moderate,MEDIUM,Monitor weekly quiz scores and attendance trends.
449,Medium,0.9160264186699605,Moderate,MEDIUM,Monitor weekly quiz scores and attendance trends.
450,Medium,0.8980800011507505,Moderate,MEDIUM,Monitor weekly quiz scores and attendance trends.
451,High,0.9900914532880684,Low,LOW,Maintain current support level; recognize positive performance.
452,High,0.9979900336720365,Low,LOW,Maintain current support level; recognize positive performance.
453,High,0.7049395690484307,Low,LOW,Maintain current support level; recognize positive performance.
454,High,0.9965197874498176,Low,LOW,Maintain current support level; recognize positive performance.
455,High,0.9929513051134901,Low,LOW,Maintain current support level; recognize positive performance.
456,High,0.6961785583715174,Low,LOW,Maintain current support level; recognize positive performance.
457,Medium,0.9059567173879874,Moderate,MEDIUM,Monitor weekly quiz scores and attendance trends.
458,Medium,0.7748992182810479,Moderate,MEDIUM,Monitor weekly quiz scores and attendance trends.
459,Medium,0.9734492226348677,Moderate,MEDIUM,Monitor weekly quiz scores and attendance trends.
460,High,0.9983962567011396,Low,LOW,Maintain current support level; recognize positive performance.
461,Medium,0.9861644815304695,Moderate,MEDIUM,Monitor weekly quiz scores and attendance trends.
462,Medium,0.7973737913011593,Moderate,MEDIUM,Monitor weekly quiz scores and attendance trends.
463,Medium,0.9932287413372277,Moderate,MEDIUM,Monitor weekly quiz scores and attendance trends.
464,High,0.9971488982829678,Low,LOW,Maintain current support level; recognize positive performance.
465,Medium,0.9848093713590905,Moderate,MEDIUM,Monitor weekly quiz scores and attendance trends.
466,Medium,0.8741662613033637,Moderate,MEDIUM,Monitor weekly quiz scores and attendance trends.
467,Medium,0.9938325163328314,Moderate,MEDIUM,Monitor weekly quiz scores and attendance trends.
468,High,0.920745435187016,Low,LOW,Maintain current support level; recognize positive performance.
469,Medium,0.9972648455801266,Moderate,MEDIUM,Monitor weekly quiz scores and attendance trends.
470,Medium,0.9908976246126625,Moderate,MEDIUM,Monitor weekly quiz scores and attendance trends.
471,Medium,0.9905437135839535,Moderate,MEDIUM,Monitor weekly quiz scores and attendance trends.
472,Medium,0.6667394680302559,Moderate,MEDIUM,Monitor weekly quiz scores and attendance trends.
473,Medium,0.9320478477764911,Moderate,MEDIUM,Monitor weekly quiz scores and attendance trends.
474,Medium,0.9935012783606779,Moderate,MEDIUM,Monitor weekly quiz scores and attendance trends.
475,Medium,0.9945216756744811,Moderate,MEDIUM,Monitor weekly quiz scores and attendance trends.
476,Low,0.6443160891061929,Critical,HIGH,Schedule one-on-one academic counseling within one week.
477,Medium,0.9912467509430208,Moderate,MEDIUM,Monitor weekly quiz scores and attendance trends.
478,Medium,0.9966953380295124,Moderate,MEDIUM,Monitor weekly quiz scores and attendance trends.
479,Medium,0.9296568238539888,Moderate,MEDIUM,Monitor weekly quiz scores and attendance trends.
480,Medium,0.9921736699394975,Moderate,MEDIUM,Monitor weekly quiz scores and attendance trends.
481,Medium,0.9958236928863785,Moderate,MEDIUM,Monitor weekly quiz scores and attendance trends.
482,High,0.9989854226283108,Low,LOW,Maintain current support level; recognize positive performance.
483,Medium,0.9884035615894387,Moderate,MEDIUM,Monitor weekly quiz scores and attendance trends.
484,Medium,0.8918484991777405,Moderate,MEDIUM,Monitor weekly quiz scores and attendance trends.
485,Medium,0.97375113021576,Moderate,MEDIUM,Monitor weekly quiz scores and attendance trends.
486,Medium,0.8277552995088302,Moderate,MEDIUM,Monitor weekly quiz scores and attendance trends.
487,High,0.5311767799584282,Low,LOW,Maintain current support level; recognize positive performance.
488,High,0.963443342965432,Low,LOW,Maintain current support level; recognize positive performance.
489,Medium,0.9253524865172977,Moderate,MEDIUM,Monitor weekly quiz scores and attendance trends.
490,Medium,0.9879760626379992,Moderate,MEDIUM,Monitor weekly quiz scores and attendance trends.
491,Medium,0.9942935092147774,Moderate,MEDIUM,Monitor weekly quiz scores and attendance trends.
492,Medium,0.9589035754961294,Moderate,MEDIUM,Monitor weekly quiz scores and attendance trends.
493,Medium,0.5079943329434548,Moderate,MEDIUM,Monitor weekly quiz scores and attendance trends.
494,Medium,0.8677466619742147,Moderate,MEDIUM,Monitor weekly quiz scores and attendance trends.
495,Low,0.8770536875771128,Critical,HIGH,Schedule one-on-one academic counseling within one week.
496,High,0.9968902928954112,Low,LOW,Maintain current support level; recognize positive performance.
497,Medium,0.9129811263986366,Moderate,MEDIUM,Monitor weekly quiz scores and attendance trends.
498,Medium,0.9962118506538931,Moderate,MEDIUM,Monitor weekly quiz scores and attendance trends.
499,High,0.9971913688310221,Low,LOW,Maintain current support level; recognize positive performance.
500,Medium,0.9246300315497215,Moderate,MEDIUM,Monitor weekly quiz scores and attendance trends.
501,Medium,0.961998074797139,Moderate,MEDIUM,Monitor weekly quiz scores and attendance trends.
502,High,0.9668744560852331,Low,LOW,Maintain current support level; recognize positive performance.
503,Medium,0.9957750212880734,Moderate,MEDIUM,Monitor weekly quiz scores and attendance trends.
504,High,0.9984039862490202,Low,LOW,Maintain current support level; recognize positive performance.
505,High,0.9661391179415908,Low,LOW,Maintain current support level; recognize positive performance.
506,Medium,0.9978423341340913,Moderate,MEDIUM,Monitor weekly quiz scores and attendance trends.
507,Medium,0.91960921512594,Moderate,MEDIUM,Monitor weekly quiz scores and attendance trends.
508,High,0.9903557434698369,Low,LOW,Maintain current support level; recognize positive performance.
509,Medium,0.7361429764592156,Moderate,MEDIUM,Monitor weekly quiz scores and attendance trends.
510,High,0.995995396291863,Low,LOW,Maintain current support level; recognize positive performance.
511,High,0.9989474444056847,Low,LOW,Maintain current support level; recognize positive performance.
512,High,0.9162587603607639,Low,LOW,Maintain current support level; recognize positive performance.
513,Medium,0.9956824443183493,Moderate,MEDIUM,Monitor weekly quiz scores and attendance trends.
514,Medium,0.5549444592673024,Moderate,MEDIUM,Monitor weekly quiz scores and attendance trends.
515,High,0.9882020136902515,Low,LOW,Maintain current support level; recognize positive performance.
516,Medium,0.8648972031664182,Moderate,MEDIUM,Monitor weekly quiz scores and attendance trends.
517,Medium,0.9735521646214972,Moderate,MEDIUM,Monitor weekly quiz scores and attendance trends.
518,Medium,0.8550743186092028,Moderate,MEDIUM,Monitor weekly quiz scores and attendance trends.
519,Medium,0.9931575636331553,Moderate,MEDIUM,Monitor weekly quiz scores and attendance trends.
520,Medium,0.7400340276833646,Moderate,MEDIUM,Monitor weekly quiz scores and attendance trends.
521,Medium,0.988622546754782,Moderate,MEDIUM,Monitor weekly quiz scores and attendance trends.
522,Medium,0.9380920191775735,Moderate,MEDIUM,Monitor weekly quiz scores and attendance trends.
523,High,0.9927914058583901,Low,LOW,Maintain current support level; recognize positive performance.
524,Medium,0.8654804299310785,Moderate,MEDIUM,Monitor weekly quiz scores and attendance trends.
525,Medium,0.988924451258633,Moderate,MEDIUM,Monitor weekly quiz scores and attendance trends.
526,Medium,0.6748848986012845,Moderate,MEDIUM,Monitor weekly quiz scores and attendance trends.
527,Medium,0.9978859504974431,Moderate,MEDIUM,Monitor weekly quiz scores and attendance trends.
528,Medium,0.9363646436649521,Moderate,MEDIUM,Monitor weekly quiz scores and attendance trends.
529,Medium,0.9529488641853896,Moderate,MEDIUM,Monitor weekly quiz scores and attendance trends.
530,High,0.9661180512468016,Low,LOW,Maintain current support level; recognize positive performance.
531,Medium,0.9338466143973692,Moderate,MEDIUM,Monitor weekly quiz scores and attendance trends.
532,Medium,0.9989448939402422,Moderate,MEDIUM,Monitor weekly quiz scores and attendance trends.
533,Medium,0.989509843457682,Moderate,MEDIUM,Monitor weekly quiz scores and attendance trends.
534,High,0.9615745871787557,Low,LOW,Maintain current support level; recognize positive performance.
535,Medium,0.8967993089089826,Moderate,MEDIUM,Monitor weekly quiz scores and attendance trends.
536,Medium,0.9401980496448301,Moderate,MEDIUM,Monitor weekly quiz scores and attendance trends.
537,Medium,0.9769021910335243,Moderate,MEDIUM,Monitor weekly quiz scores and attendance trends.
538,Medium,0.9981461252255157,Moderate,MEDIUM,Monitor weekly quiz scores and attendance trends.
539,Medium,0.9973809129561526,Moderate,MEDIUM,Monitor weekly quiz scores and attendance trends.
540,Medium,0.8209828303921988,Moderate,MEDIUM,Monitor weekly quiz scores and attendance trends.
541,Medium,0.9138239699580422,Moderate,MEDIUM,Monitor weekly quiz scores and attendance trends.
542,High,0.9621836185157651,Low,LOW,Maintain current support level; recognize positive performance.
543,Low,0.8330124462793478,Critical,HIGH,Schedule one-on-one academic counseling within one week.
544,Medium,0.9746938408944652,Moderate,MEDIUM,Monitor weekly quiz scores and attendance trends.
545,Low,0.9504648479280323,Critical,HIGH,Schedule one-on-one academic counseling within one week.
546,Medium,0.5878104930549135,Moderate,MEDIUM,Monitor weekly quiz scores and attendance trends.
547,Medium,0.9958413405436727,Moderate,MEDIUM,Monitor weekly quiz scores and attendance trends.
548,Medium,0.8764182270208585,Moderate,MEDIUM,Monitor weekly quiz scores and attendance trends.
549,Medium,0.9832640002307759,Moderate,MEDIUM,Monitor weekly quiz scores and attendance trends.
550,Low,0.9903323032881246,Critical,HIGH,Schedule one-on-one academic counseling within one week.
551,Medium,0.9741852993579478,Moderate,MEDIUM,Monitor weekly quiz scores and attendance trends.
552,Medium,0.9933454474647195,Moderate,MEDIUM,Monitor weekly quiz scores and attendance trends.
553,Medium,0.9942708126770362,Moderate,MEDIUM,Monitor weekly quiz scores and attendance trends.
554,Medium,0.9755744983424369,Moderate,MEDIUM,Monitor weekly quiz scores and attendance trends.
555,Medium,0.9961749996331349,Moderate,MEDIUM,Monitor weekly quiz scores and attendance trends.
556,Low,0.9075551422920188,Critical,HIGH,Schedule one-on-one academic counseling within one week.
557,Medium,0.9927422942250405,Moderate,MEDIUM,Monitor weekly quiz scores and attendance trends.
558,Low,0.7556472663249505,Critical,HIGH,Schedule one-on-one academic counseling within one week.
559,Medium,0.9392623765448092,Moderate,MEDIUM,Monitor weekly quiz scores and attendance trends.
560,Medium,0.7667883047472287,Moderate,MEDIUM,Monitor weekly quiz scores and attendance trends.
561,Medium,0.9725855639322416,Moderate,MEDIUM,Monitor weekly quiz scores and attendance trends.
562,Medium,0.8718056346494946,Moderate,MEDIUM,Monitor weekly quiz scores and attendance trends.
563,Low,0.9806018017976036,Critical,HIGH,Schedule one-on-one academic counseling within one week.
564,Medium,0.8237986454542785,Moderate,MEDIUM,Monitor weekly quiz scores and attendance trends.
565,Medium,0.9978414287870636,Moderate,MEDIUM,Monitor weekly quiz scores and attendance trends.
566,Medium,0.9959962177969113,Moderate,MEDIUM,Monitor weekly quiz scores and attendance trends.
567,Low,0.5308827652033536,Critical,HIGH,Schedule one-on-one academic counseling within one week.
568,Medium,0.7174537123751704,Moderate,MEDIUM,Monitor weekly quiz scores and attendance trends.
569,Low,0.9468746465051316,Critical,HIGH,Schedule one-on-one academic counseling within one week.
570,Low,0.9626295874190839,Critical,HIGH,Schedule one-on-one academic counseling within one week.
571,Low,0.8193362438602348,Critical,HIGH,Schedule one-on-one academic counseling within one week.
572,Low,0.84592701878988,Critical,HIGH,Schedule one-on-one academic counseling within one week.
573,Low,0.8024231524104178,Critical,HIGH,Schedule one-on-one academic counseling within one week.
574,Low,0.9879148536621525,Critical,HIGH,Schedule one-on-one academic counseling within one week.
575,Medium,0.9129292517808494,Moderate,MEDIUM,Monitor weekly quiz scores and attendance trends.
576,High,0.9933879387117936,Low,LOW,Maintain current support level; recognize positive performance.
577,Medium,0.9749309317929179,Moderate,MEDIUM,Monitor weekly quiz scores and attendance trends.
578,High,0.9965246972579688,Low,LOW,Maintain current support level; recognize positive performance.
579,Medium,0.8789940646079413,Moderate,MEDIUM,Monitor weekly quiz scores and attendance trends.
580,High,0.9968093763388103,Low,LOW,Maintain current support level; recognize positive performance.
581,Medium,0.9075747890794912,Moderate,MEDIUM,Monitor weekly quiz scores and attendance trends.
582,Medium,0.7790999756437209,Moderate,MEDIUM,Monitor weekly quiz scores and attendance trends.
583,High,0.9897948035145148,Low,LOW,Maintain current support level; recognize positive performance.
584,Medium,0.970726546053263,Moderate,MEDIUM,Monitor weekly quiz scores and attendance trends.
585,Medium,0.7514385055729531,Moderate,MEDIUM,Monitor weekly quiz scores and attendance trends.
586,Medium,0.9085886330782377,Moderate,MEDIUM,Monitor weekly quiz scores and attendance trends.
587,Medium,0.9150638434789303,Moderate,MEDIUM,Monitor weekly quiz scores and attendance trends.
588,Medium,0.9890040702022876,Moderate,MEDIUM,Monitor weekly quiz scores and attendance trends.
589,Medium,0.9960949861150683,Moderate,MEDIUM,Monitor weekly quiz scores and attendance trends.
590,Medium,0.8954669891854654,Moderate,MEDIUM,Monitor weekly quiz scores and attendance trends.
591,High,0.9920361827176027,Low,LOW,Maintain current support level; recognize positive performance.
592,High,0.8922350648292258,Low,LOW,Maintain current support level; recognize positive performance.
593,High,0.9954007888170245,Low,LOW,Maintain current support level; recognize positive performance.
594,Medium,0.772633112004781,Moderate,MEDIUM,Monitor weekly quiz scores and attendance trends.
595,Medium,0.8636429556534722,Moderate,MEDIUM,Monitor weekly quiz scores and attendance trends.
596,High,0.8723440716263855,Low,LOW,Maintain current support level; recognize positive performance.
597,Medium,0.6299265696145123,Moderate,MEDIUM,Monitor weekly quiz scores and attendance trends.
598,Medium,0.9548555286782746,Moderate,MEDIUM,Monitor weekly quiz scores and attendance trends.
599,Medium,0.9669024746341734,Moderate,MEDIUM,Monitor weekly quiz scores and attendance trends.
600,Medium,0.9922169870971926,Moderate,MEDIUM,Monitor weekly quiz scores and attendance trends.
601,Medium,0.9776096928217364,Moderate,MEDIUM,Monitor weekly quiz scores and attendance trends.
602,Medium,0.9945431623095077,Moderate,MEDIUM,Monitor weekly quiz scores and attendance trends.
603,Medium,0.9911036496905006,Moderate,MEDIUM,Monitor weekly quiz scores and attendance trends.
604,High,0.9973336396882918,Low,LOW,Maintain current support level; recognize positive performance.
605,High,0.7583752363879525,Low,LOW,Maintain current support level; recognize positive performance.
606,Medium,0.9971782053861548,Moderate,MEDIUM,Monitor weekly quiz scores and attendance trends.
607,High,0.9953337232823489,Low,LOW,Maintain current support level; recognize positive performance.
608,Medium,0.9902967847691965,Moderate,MEDIUM,Monitor weekly quiz scores and attendance trends.
609,High,0.9840036875927292,Low,LOW,Maintain current support level; recognize positive performance.
610,Medium,0.9536402530105487,Moderate,MEDIUM,Monitor weekly quiz scores and attendance trends.
611,High,0.9984720548269603,Low,LOW,Maintain current support level; recognize positive performance.
612,Medium,0.9412221104526458,Moderate,MEDIUM,Monitor weekly quiz scores and attendance trends.
613,Medium,0.9067420076547633,Moderate,MEDIUM,Monitor weekly quiz scores and attendance trends.
614,Low,0.9486279338629535,Critical,HIGH,Schedule one-on-one academic counseling within one week.
615,Medium,0.9949126602755676,Moderate,MEDIUM,Monitor weekly quiz scores and attendance trends.
616,High,0.9964287755141039,Low,LOW,Maintain current support level; recognize positive performance.
617,Medium,0.8779152277033158,Moderate,MEDIUM,Monitor weekly quiz scores and attendance trends.
618,Medium,0.8611547827256254,Moderate,MEDIUM,Monitor weekly quiz scores and attendance trends.
619,Medium,0.9345019417743401,Moderate,MEDIUM,Monitor weekly quiz scores and attendance trends.
620,Medium,0.9610977535848074,Moderate,MEDIUM,Monitor weekly quiz scores and attendance trends.
621,Medium,0.95217501568224,Moderate,MEDIUM,Monitor weekly quiz scores and attendance trends.
622,Medium,0.9949023393739047,Moderate,MEDIUM,Monitor weekly quiz scores and attendance trends.
623,Medium,0.9945180672546523,Moderate,MEDIUM,Monitor weekly quiz scores and attendance trends.
624,High,0.998440705594775,Low,LOW,Maintain current support level; recognize positive performance.
625,Medium,0.8036980197176185,Moderate,MEDIUM,Monitor weekly quiz scores and attendance trends.
626,Medium,0.975170211763298,Moderate,MEDIUM,Monitor weekly quiz scores and attendance trends.
627,Medium,0.8943101832829851,Moderate,MEDIUM,Monitor weekly quiz scores and attendance trends.
628,Medium,0.9116061676638816,Moderate,MEDIUM,Monitor weekly quiz scores and attendance trends.
629,Medium,0.9923902978366629,Moderate,MEDIUM,Monitor weekly quiz scores and attendance trends.
630,Medium,0.89977994212714,Moderate,MEDIUM,Monitor weekly quiz scores and attendance trends.
631,High,0.8437839729552054,Low,LOW,Maintain current support level; recognize positive performance.
632,Medium,0.9063128864650929,Moderate,MEDIUM,Monitor weekly quiz scores and attendance trends.
633,High,0.9964289386752914,Low,LOW,Maintain current support level; recognize positive performance.
634,Low,0.9287377522813919,Critical,HIGH,Schedule one-on-one academic counseling within one week.
635,High,0.9932823076772673,Low,LOW,Maintain current support level; recognize positive performance.
636,Medium,0.9882753732336359,Moderate,MEDIUM,Monitor weekly quiz scores and attendance trends.
637,Medium,0.9626532290058907,Moderate,MEDIUM,Monitor weekly quiz scores and attendance trends.
638,High,0.9849278779574977,Low,LOW,Maintain current support level; recognize positive performance.
639,Medium,0.8883699068098895,Moderate,MEDIUM,Monitor weekly quiz scores and attendance trends.
640,Medium,0.819417530366241,Moderate,MEDIUM,Monitor weekly quiz scores and attendance trends.
641,Medium,0.8999846488390633,Moderate,MEDIUM,Monitor weekly quiz scores and attendance trends.
642,Medium,0.7081088163191073,Moderate,MEDIUM,Monitor weekly quiz scores and attendance trends.
643,Low,0.5226192631204165,Critical,HIGH,Schedule one-on-one academic counseling within one week.
644,Medium,0.8640486407443018,Moderate,MEDIUM,Monitor weekly quiz scores and attendance trends.
645,High,0.9930552868688343,Low,LOW,Maintain current support level; recognize positive performance.
646,Medium,0.9270686483926095,Moderate,MEDIUM,Monitor weekly quiz scores and attendance trends.
647,Medium,0.7980045331738181,Moderate,MEDIUM,Monitor weekly quiz scores and attendance trends.
648,Medium,0.9922102201185982,Moderate,MEDIUM,Monitor weekly quiz scores and attendance trends.
649,Medium,0.6521414725082945,Moderate,MEDIUM,Monitor weekly quiz scores and attendance trends.
650,Low,0.9883713785384245,Critical,HIGH,Schedule one-on-one academic counseling within one week.
651,Low,0.9659511070173961,Critical,HIGH,Schedule one-on-one academic counseling within one week.
652,Low,0.9274177433014171,Critical,HIGH,Schedule one-on-one academic counseling within one week.
653,High,0.9622385594945756,Low,LOW,Maintain current support level; recognize positive performance.
654,Medium,0.9769760859932004,Moderate,MEDIUM,Monitor weekly quiz scores and attendance trends.
655,Medium,0.9950681706101154,Moderate,MEDIUM,Monitor weekly quiz scores and attendance trends.
656,Medium,0.9110117233914896,Moderate,MEDIUM,Monitor weekly quiz scores and attendance trends.
657,Low,0.918958435385607,Critical,HIGH,Schedule one-on-one academic counseling within one week.
658,Low,0.9924435587183191,Critical,HIGH,Schedule one-on-one academic counseling within one week.
659,Medium,0.9298765651849774,Moderate,MEDIUM,Monitor weekly quiz scores and attendance trends.
660,High,0.9915070725847006,Low,LOW,Maintain current support level; recognize positive performance.
661,High,0.9789571719800411,Low,LOW,Maintain current support level; recognize positive performance.
662,High,0.998077477415408,Low,LOW,Maintain current support level; recognize positive performance.
663,Medium,0.9900573826187077,Moderate,MEDIUM,Monitor weekly quiz scores and attendance trends.
664,High,0.9932229329157042,Low,LOW,Maintain current support level; recognize positive performance.
665,High,0.9828707023212667,Low,LOW,Maintain current support level; recognize positive performance.
666,Medium,0.9957228696998665,Moderate,MEDIUM,Monitor weekly quiz scores and attendance trends.
667,High,0.8026931481169695,Low,LOW,Maintain current support level; recognize positive performance.
668,Medium,0.9942963239801399,Moderate,MEDIUM,Monitor weekly quiz scores and attendance trends.
669,Medium,0.8717621366732416,Moderate,MEDIUM,Monitor weekly quiz scores and attendance trends.
670,Medium,0.9898174513834088,Moderate,MEDIUM,Monitor weekly quiz scores and attendance trends.
671,High,0.9926265499708408,Low,LOW,Maintain current support level; recognize positive performance.
672,Medium,0.9917252803608554,Moderate,MEDIUM,Monitor weekly quiz scores and attendance trends.
673,Medium,0.9534536783823642,Moderate,MEDIUM,Monitor weekly quiz scores and attendance trends.
674,Low,0.9884543721481253,Critical,HIGH,Schedule one-on-one academic counseling within one week.
675,Medium,0.8434921764939429,Moderate,MEDIUM,Monitor weekly quiz scores and attendance trends.
676,Medium,0.9093790348889317,Moderate,MEDIUM,Monitor weekly quiz scores and attendance trends.
677,Low,0.9743890209102293,Critical,HIGH,Schedule one-on-one academic counseling within one week.
678,Medium,0.988465587466219,Moderate,MEDIUM,Monitor weekly quiz scores and attendance trends.
679,Low,0.9868419347035337,Critical,HIGH,Schedule one-on-one academic counseling within one week.
680,Medium,0.8030201724411843,Moderate,MEDIUM,Monitor weekly quiz scores and attendance trends.
681,Medium,0.9336795893617869,Moderate,MEDIUM,Monitor weekly quiz scores and attendance trends.
682,Medium,0.8781900554527389,Moderate,MEDIUM,Monitor weekly quiz scores and attendance trends.
683,Medium,0.953681534980382,Moderate,MEDIUM,Monitor weekly quiz scores and attendance trends.
684,High,0.997732751465533,Low,LOW,Maintain current support level; recognize positive performance.
685,Medium,0.989682018852694,Moderate,MEDIUM,Monitor weekly quiz scores and attendance trends.
686,Medium,0.9460469841433135,Moderate,MEDIUM,Monitor weekly quiz scores and attendance trends.
687,Medium,0.9443439843006636,Moderate,MEDIUM,Monitor weekly quiz scores and attendance trends.
688,High,0.7363343663376393,Low,LOW,Maintain current support level; recognize positive performance.
689,Medium,0.9954663161777523,Moderate,MEDIUM,Monitor weekly quiz scores and attendance trends.
690,High,0.963496443092091,Low,LOW,Maintain current support level; recognize positive performance.
691,High,0.9976986926293658,Low,LOW,Maintain current support level; recognize positive performance.
692,Medium,0.9510210493573431,Moderate,MEDIUM,Monitor weekly quiz scores and attendance trends.
693,Medium,0.9844441523069982,Moderate,MEDIUM,Monitor weekly quiz scores and attendance trends.
694,Medium,0.9846645621407931,Moderate,MEDIUM,Monitor weekly quiz scores and attendance trends.
695,High,0.9991643788502294,Low,LOW,Maintain current support level; recognize positive performance.
696,Medium,0.9725423013297999,Moderate,MEDIUM,Monitor weekly quiz scores and attendance trends.
697,Medium,0.9939324137013048,Moderate,MEDIUM,Monitor weekly quiz scores and attendance trends.
698,Medium,0.7228412637903436,Moderate,MEDIUM,Monitor weekly quiz scores and attendance trends.
699,Medium,0.7232560306876902,Moderate,MEDIUM,Monitor weekly quiz scores and attendance trends.
700,Low,0.9280987928216748,Critical,HIGH,Schedule one-on-one academic counseling within one week.
701,High,0.9899102568175359,Low,LOW,Maintain current support level; recognize positive performance.
702,Medium,0.5481817523767807,Moderate,MEDIUM,Monitor weekly quiz scores and attendance trends.
703,Medium,0.9926743540864618,Moderate,MEDIUM,Monitor weekly quiz scores and attendance trends.
704,High,0.7157223350959095,Low,LOW,Maintain current support level; recognize positive performance.
705,Medium,0.7505020173273874,Moderate,MEDIUM,Monitor weekly quiz scores and attendance trends.
706,Medium,0.9818380400349418,Moderate,MEDIUM,Monitor weekly quiz scores and attendance trends.
707,High,0.9993924469830792,Low,LOW,Maintain current support level; recognize positive performance.
708,Medium,0.7464983185670789,Moderate,MEDIUM,Monitor weekly quiz scores and attendance trends.
709,High,0.9974020566382381,Low,LOW,Maintain current support level; recognize positive performance.
710,High,0.9963762839086502,Low,LOW,Maintain current support level; recognize positive performance.
711,High,0.9981312606294244,Low,LOW,Maintain current support level; recognize positive performance.
712,Medium,0.9196997054441827,Moderate,MEDIUM,Monitor weekly quiz scores and attendance trends.
713,Medium,0.7819615260969688,Moderate,MEDIUM,Monitor weekly quiz scores and attendance trends.
714,Medium,0.9585198749412996,Moderate,MEDIUM,Monitor weekly quiz scores and attendance trends.
715,Medium,0.9272044212824765,Moderate,MEDIUM,Monitor weekly quiz scores and attendance trends.
716,High,0.9917494846285252,Low,LOW,Maintain current support level; recognize positive performance.
717,Medium,0.9031751821186778,Moderate,MEDIUM,Monitor weekly quiz scores and attendance trends.
718,Medium,0.9635899354063427,Moderate,MEDIUM,Monitor weekly quiz scores and attendance trends.
719,Medium,0.9898979733232629,Moderate,MEDIUM,Monitor weekly quiz scores and attendance trends.
720,Medium,0.9958178955500908,Moderate,MEDIUM,Monitor weekly quiz scores and attendance trends.
721,Medium,0.9424502843308035,Moderate,MEDIUM,Monitor weekly quiz scores and attendance trends.
722,High,0.9984315925303975,Low,LOW,Maintain current support level; recognize positive performance.
723,Medium,0.7789028892009353,Moderate,MEDIUM,Monitor weekly quiz scores and attendance trends.
724,Medium,0.9568125408870245,Moderate,MEDIUM,Monitor weekly quiz scores and attendance trends.
725,High,0.9555992461991014,Low,LOW,Maintain current support level; recognize positive performance.
726,Medium,0.8599000607066009,Moderate,MEDIUM,Monitor weekly quiz scores and attendance trends.
727,High,0.9996290475427966,Low,LOW,Maintain current support level; recognize positive performance.
728,High,0.7500433988599868,Low,LOW,Maintain current support level; recognize positive performance.
729,High,0.9995655980403662,Low,LOW,Maintain current support level; recognize positive performance.
730,High,0.9994388728711313,Low,LOW,Maintain current support level; recognize positive performance.
731,High,0.9985758055007881,Low,LOW,Maintain current support level; recognize positive performance.
732,High,0.9964968651211266,Low,LOW,Maintain current support level; recognize positive performance.
733,High,0.9969134695993801,Low,LOW,Maintain current support level; recognize positive performance.
734,High,0.9988452101194514,Low,LOW,Maintain current support level; recognize positive performance.
735,High,0.9956098499805341,Low,LOW,Maintain current support level; recognize positive performance.
736,Medium,0.870726861734368,Moderate,MEDIUM,Monitor weekly quiz scores and attendance trends.
737,High,0.930856349404374,Low,LOW,Maintain current support level; recognize positive performance.
738,High,0.9987953723764813,Low,LOW,Maintain current support level; recognize positive performance.
739,High,0.9978612610348471,Low,LOW,Maintain current support level; recognize positive performance.
740,High,0.9950964618811826,Low,LOW,Maintain current support level; recognize positive performance.
741,Medium,0.6299942550750122,Moderate,MEDIUM,Monitor weekly quiz scores and attendance trends.
742,Low,0.9848574549848317,Critical,HIGH,Schedule one-on-one academic counseling within one week.
743,High,0.9974261637180668,Low,LOW,Maintain current support level; recognize positive performance.
744,High,0.9988290931661102,Low,LOW,Maintain current support level; recognize positive performance.
745,Medium,0.9419062671241609,Moderate,MEDIUM,Monitor weekly quiz scores and attendance trends.
746,High,0.9822748354998144,Low,LOW,Maintain current support level; recognize positive performance.
747,Medium,0.989975550144019,Moderate,MEDIUM,Monitor weekly quiz scores and attendance trends.
748,Medium,0.9675771236792307,Moderate,MEDIUM,Monitor weekly quiz scores and attendance trends.
749,High,0.8160736716058287,Low,LOW,Maintain current support level; recognize positive performance.
750,High,0.538483767178585,Low,LOW,Maintain current support level; recognize positive performance.
751,High,0.9978771949530433,Low,LOW,Maintain current support level; recognize positive performance.
752,High,0.9978654294732565,Low,LOW,Maintain current support level; recognize positive performance.
753,High,0.8141274102380066,Low,LOW,Maintain current support level; recognize positive performance.
754,High,0.9928101153581641,Low,LOW,Maintain current support level; recognize positive performance.
755,High,0.736308317408481,Low,LOW,Maintain current support level; recognize positive performance.
756,Medium,0.9847961227185348,Moderate,MEDIUM,Monitor weekly quiz scores and attendance trends.
757,Medium,0.9924753975459115,Moderate,MEDIUM,Monitor weekly quiz scores and attendance trends.
758,High,0.8573487118470408,Low,LOW,Maintain current support level; recognize positive performance.
759,High,0.9958546397064887,Low,LOW,Maintain current support level; recognize positive performance.
760,High,0.9609896956949677,Low,LOW,Maintain current support level; recognize positive performance.
761,Medium,0.9654129654017585,Moderate,MEDIUM,Monitor weekly quiz scores and attendance trends.
762,High,0.8097775265024942,Low,LOW,Maintain current support level; recognize positive performance.
763,Medium,0.8152019658549473,Moderate,MEDIUM,Monitor weekly quiz scores and attendance trends.
764,Medium,0.922611246832966,Moderate,MEDIUM,Monitor weekly quiz scores and attendance trends.
765,Low,0.9640682400625429,Critical,HIGH,Schedule one-on-one academic counseling within one week.
766,Medium,0.9730509427496604,Moderate,MEDIUM,Monitor weekly quiz scores and attendance trends.
767,Medium,0.8154851002401239,Moderate,MEDIUM,Monitor weekly quiz scores and attendance trends.
768,Medium,0.9968307665600387,Moderate,MEDIUM,Monitor weekly quiz scores and attendance trends.
769,High,0.9986653090659628,Low,LOW,Maintain current support level; recognize positive performance.
770,High,0.9967127450472352,Low,LOW,Maintain current support level; recognize positive performance.
771,High,0.9946497999987644,Low,LOW,Maintain current support level; recognize positive performance.
772,Medium,0.5639169715272594,Moderate,MEDIUM,Monitor weekly quiz scores and attendance trends.
773,High,0.9981346948219176,Low,LOW,Maintain current support level; recognize positive performance.
774,Medium,0.9813188300585176,Moderate,MEDIUM,Monitor weekly quiz scores and attendance trends.
775,Medium,0.945359467842993,Moderate,MEDIUM,Monitor weekly quiz scores and attendance trends.
776,High,0.9925415008480382,Low,LOW,Maintain current support level; recognize positive performance.
777,Medium,0.9512044030533279,Moderate,MEDIUM,Monitor weekly quiz scores and attendance trends.
778,Medium,0.9774136734298123,Moderate,MEDIUM,Monitor weekly quiz scores and attendance trends.
779,Medium,0.9956958960307235,Moderate,MEDIUM,Monitor weekly quiz scores and attendance trends.
780,Medium,0.8973162027601471,Moderate,MEDIUM,Monitor weekly quiz scores and attendance trends.
781,High,0.9968554507896316,Low,LOW,Maintain current support level; recognize positive performance.
782,High,0.9959798478067494,Low,LOW,Maintain current support level; recognize positive performance.
783,Medium,0.988989633734017,Moderate,MEDIUM,Monitor weekly quiz scores and attendance trends.
784,Medium,0.7463880159368425,Moderate,MEDIUM,Monitor weekly quiz scores and attendance trends.
785,High,0.7131253365170594,Low,LOW,Maintain current support level; recognize positive performance.
786,High,0.8076421567666667,Low,LOW,Maintain current support level; recognize positive performance.
787,Medium,0.5003307605993986,Moderate,MEDIUM,Monitor weekly quiz scores and attendance trends.
788,High,0.999108510682301,Low,LOW,Maintain current support level; recognize positive performance.
789,High,0.9732774513547877,Low,LOW,Maintain current support level; recognize positive performance.
790,Medium,0.9339650935899056,Moderate,MEDIUM,Monitor weekly quiz scores and attendance trends.
791,High,0.9974948183488682,Low,LOW,Maintain current support level; recognize positive performance.
792,High,0.9181065331569808,Low,LOW,Maintain current support level; recognize positive performance.
793,Medium,0.5155182177100053,Moderate,MEDIUM,Monitor weekly quiz scores and attendance trends.
794,High,0.9991231269457966,Low,LOW,Maintain current support level; recognize positive performance.
795,High,0.9868873417815032,Low,LOW,Maintain current support level; recognize positive performance.
796,High,0.9158268518424505,Low,LOW,Maintain current support level; recognize positive performance.
797,Medium,0.7397700386671449,Moderate,MEDIUM,Monitor weekly quiz scores and attendance trends.
798,High,0.9977785395538152,Low,LOW,Maintain current support level; recognize positive performance.
799,High,0.9990373791994421,Low,LOW,Maintain current support level; recognize positive performance.
800,Medium,0.9963844577074683,Moderate,MEDIUM,Monitor weekly quiz scores and attendance trends.
801,Medium,0.9712806259780836,Moderate,MEDIUM,Monitor weekly quiz scores and attendance trends.
802,Medium,0.917787731206679,Moderate,MEDIUM,Monitor weekly quiz scores and attendance trends.
803,Medium,0.9813710903888138,Moderate,MEDIUM,Monitor weekly quiz scores and attendance trends.
804,High,0.9463292149218722,Low,LOW,Maintain current support level; recognize positive performance.
805,High,0.9914531658148767,Low,LOW,Maintain current support level; recognize positive performance.
806,High,0.996602313357449,Low,LOW,Maintain current support level; recognize positive performance.
807,High,0.9982535574636449,Low,LOW,Maintain current support level; recognize positive performance.
808,Medium,0.9807885596921965,Moderate,MEDIUM,Monitor weekly quiz scores and attendance trends.
809,High,0.9291675058173934,Low,LOW,Maintain current support level; recognize positive performance.
810,Medium,0.9732871696057472,Moderate,MEDIUM,Monitor weekly quiz scores and attendance trends.
811,High,0.9955441910194766,Low,LOW,Maintain current support level; recognize positive performance.
812,High,0.9994120869690962,Low,LOW,Maintain current support level; recognize positive performance.
813,High,0.9046750624420995,Low,LOW,Maintain current support level; recognize positive performance.
814,Medium,0.7453002852439689,Moderate,MEDIUM,Monitor weekly quiz scores and attendance trends.
815,High,0.9956425993804169,Low,LOW,Maintain current support level; recognize positive performance.
816,Medium,0.9630793227872768,Moderate,MEDIUM,Monitor weekly quiz scores and attendance trends.
817,Medium,0.8936789146980593,Moderate,MEDIUM,Monitor weekly quiz scores and attendance trends.
818,Medium,0.9834858868949378,Moderate,MEDIUM,Monitor weekly quiz scores and attendance trends.
819,Medium,0.9658186144552202,Moderate,MEDIUM,Monitor weekly quiz scores and attendance trends.
820,Medium,0.9767476561570738,Moderate,MEDIUM,Monitor weekly quiz scores and attendance trends.
821,Medium,0.9783501653830552,Moderate,MEDIUM,Monitor weekly quiz scores and attendance trends.
822,High,0.9886318769495438,Low,LOW,Maintain current support level; recognize positive performance.
823,Low,0.9936404387175616,Critical,HIGH,Schedule one-on-one academic counseling within one week.
824,Medium,0.9971488954345504,Moderate,MEDIUM,Monitor weekly quiz scores and attendance trends.
825,Medium,0.9912200881339059,Moderate,MEDIUM,Monitor weekly quiz scores and attendance trends.
826,Medium,0.9803734328335023,Moderate,MEDIUM,Monitor weekly quiz scores and attendance trends.
827,Low,0.9955984775977914,Critical,HIGH,Schedule one-on-one academic counseling within one week.
828,High,0.9571586828118356,Low,LOW,Maintain current support level; recognize positive performance.
829,Medium,0.886069565270056,Moderate,MEDIUM,Monitor weekly quiz scores and attendance trends.
830,Medium,0.9458335098636733,Moderate,MEDIUM,Monitor weekly quiz scores and attendance trends.
831,Low,0.9978863895796872,Critical,HIGH,Schedule one-on-one academic counseling within one week.
832,Medium,0.992011404603171,Moderate,MEDIUM,Monitor weekly quiz scores and attendance trends.
833,Medium,0.9923688126126424,Moderate,MEDIUM,Monitor weekly quiz scores and attendance trends.
834,High,0.9911791699686405,Low,LOW,Maintain current support level; recognize positive performance.
835,Low,0.9988085838266938,Critical,HIGH,Schedule one-on-one academic counseling within one week.
836,Low,0.8252469820736869,Critical,HIGH,Schedule one-on-one academic counseling within one week.
837,High,0.9312203523875745,Low,LOW,Maintain current support level; recognize positive performance.
838,Low,0.9665033557494014,Critical,HIGH,Schedule one-on-one academic counseling within one week.
839,Medium,0.944465538874306,Moderate,MEDIUM,Monitor weekly quiz scores and attendance trends.
840,Low,0.8656311580170566,Critical,HIGH,Schedule one-on-one academic counseling within one week.
841,Medium,0.9731730015190376,Moderate,MEDIUM,Monitor weekly quiz scores and attendance trends.
842,Low,0.8477379238823867,Critical,HIGH,Schedule one-on-one academic counseling within one week.
843,High,0.9974983500549766,Low,LOW,Maintain current support level; recognize positive performance.
844,Medium,0.9686726723454048,Moderate,MEDIUM,Monitor weekly quiz scores and attendance trends.
845,High,0.9967109406340662,Low,LOW,Maintain current support level; recognize positive performance.
846,Medium,0.9942693062394521,Moderate,MEDIUM,Monitor weekly quiz scores and attendance trends.
847,Medium,0.9399448643625872,Moderate,MEDIUM,Monitor weekly quiz scores and attendance trends.
848,Low,0.8706393934525463,Critical,HIGH,Schedule one-on-one academic counseling within one week.
849,Low,0.8717134821802938,Critical,HIGH,Schedule one-on-one academic counseling within one week.
850,Low,0.5498471582237653,Critical,HIGH,Schedule one-on-one academic counseling within one week.
851,High,0.9830789660857461,Low,LOW,Maintain current support level; recognize positive performance.
852,Medium,0.9658825302755003,Moderate,MEDIUM,Monitor weekly quiz scores and attendance trends.
853,Medium,0.9938986743892154,Moderate,MEDIUM,Monitor weekly quiz scores and attendance trends.
854,Medium,0.9564633235814715,Moderate,MEDIUM,Monitor weekly quiz scores and attendance trends.
855,Medium,0.9934441310054487,Moderate,MEDIUM,Monitor weekly quiz scores and attendance trends.
856,High,0.8131694250492405,Low,LOW,Maintain current support level; recognize positive performance.
857,High,0.9833126517870197,Low,LOW,Maintain current support level; recognize positive performance.
858,Medium,0.9926070669409307,Moderate,MEDIUM,Monitor weekly quiz scores and attendance trends.
859,Medium,0.9488545873229652,Moderate,MEDIUM,Monitor weekly quiz scores and attendance trends.
860,Low,0.8627203184669261,Critical,HIGH,Schedule one-on-one academic counseling within one week.
861,Medium,0.8441126593618996,Moderate,MEDIUM,Monitor weekly quiz scores and attendance trends.
862,High,0.6506124402055481,Low,LOW,Maintain current support level; recognize positive performance.
863,Medium,0.9485937843290545,Moderate,MEDIUM,Monitor weekly quiz scores and attendance trends.
864,Medium,0.9644565970492844,Moderate,MEDIUM,Monitor weekly quiz scores and attendance trends.
865,Medium,0.9109376796517199,Moderate,MEDIUM,Monitor weekly quiz scores and attendance trends.
866,Medium,0.9949050823011324,Moderate,MEDIUM,Monitor weekly quiz scores and attendance trends.
867,High,0.9505459394992617,Low,LOW,Maintain current support level; recognize positive performance.
868,Medium,0.5775617264777544,Critical,MEDIUM,Monitor weekly quiz scores and attendance trends.
869,Medium,0.9820292703543869,Moderate,MEDIUM,Monitor weekly quiz scores and attendance trends.
870,Medium,0.8945730836540748,Moderate,MEDIUM,Monitor weekly quiz scores and attendance trends.
871,Low,0.8384838047310519,Critical,HIGH,Schedule one-on-one academic counseling within one week.
872,Medium,0.9932316764846219,Moderate,MEDIUM,Monitor weekly quiz scores and attendance trends.
873,Low,0.9645212451740413,Critical,HIGH,Schedule one-on-one academic counseling within one week.
874,Medium,0.9497671936557022,Moderate,MEDIUM,Monitor weekly quiz scores and attendance trends.
875,Medium,0.7697691904816636,Moderate,MEDIUM,Monitor weekly quiz scores and attendance trends.
876,Medium,0.9744958003197244,Moderate,MEDIUM,Monitor weekly quiz scores and attendance trends.
877,Low,0.7566994321596312,Critical,HIGH,Schedule one-on-one academic counseling within one week.
878,Medium,0.9359932167972368,Moderate,MEDIUM,Monitor weekly quiz scores and attendance trends.
879,Low,0.9944864679700736,Critical,HIGH,Schedule one-on-one academic counseling within one week.
880,Medium,0.9879586052273706,Moderate,MEDIUM,Monitor weekly quiz scores and attendance trends.
881,Medium,0.9571451672925995,Moderate,MEDIUM,Monitor weekly quiz scores and attendance trends.
882,Medium,0.902065393296078,Moderate,MEDIUM,Monitor weekly quiz scores and attendance trends.
883,Low,0.8378897739865271,Critical,HIGH,Schedule one-on-one academic counseling within one week.
884,Medium,0.8263932155110045,Moderate,MEDIUM,Monitor weekly quiz scores and attendance trends.
885,Medium,0.9828818285333255,Moderate,MEDIUM,Monitor weekly quiz scores and attendance trends.
886,Low,0.9716519353131471,Critical,HIGH,Schedule one-on-one academic counseling within one week.
887,Medium,0.9394972878808369,Moderate,MEDIUM,Monitor weekly quiz scores and attendance trends.
888,Medium,0.9327768247277477,Moderate,MEDIUM,Monitor weekly quiz scores and attendance trends.
889,Low,0.9166632755113427,Critical,HIGH,Schedule one-on-one academic counseling within one week.
890,Medium,0.8476777571182874,Moderate,MEDIUM,Monitor weekly quiz scores and attendance trends.
891,High,0.9873653940304364,Low,LOW,Maintain current support level; recognize positive performance.
892,Medium,0.9256492018005376,Moderate,MEDIUM,Monitor weekly quiz scores and attendance trends.
893,High,0.8653148022159287,Low,LOW,Maintain current support level; recognize positive performance.
894,High,0.9940583332424976,Low,LOW,Maintain current support level; recognize positive performance.
895,Low,0.997059230163879,Critical,HIGH,Schedule one-on-one academic counseling within one week.
896,Medium,0.9669896700320791,Moderate,MEDIUM,Monitor weekly quiz scores and attendance trends.
897,Low,0.8594910933964495,Critical,HIGH,Schedule one-on-one academic counseling within one week.
898,High,0.9973261412289417,Low,LOW,Maintain current support level; recognize positive performance.
899,High,0.8106363514646933,Low,LOW,Maintain current support level; recognize positive performance.
900,Medium,0.9797537291247149,Moderate,MEDIUM,Monitor weekly quiz scores and attendance trends.
901,Medium,0.9081106514381363,Moderate,MEDIUM,Monitor weekly quiz scores and attendance trends.
902,Medium,0.982761024739893,Moderate,MEDIUM,Monitor weekly quiz scores and attendance trends.
903,Medium,0.7018648936990022,Moderate,MEDIUM,Monitor weekly quiz scores and attendance trends.
904,High,0.999033311781267,Low,LOW,Maintain current support level; recognize positive performance.
905,High,0.9982639039754323,Low,LOW,Maintain current support level; recognize positive performance.
906,Medium,0.9580354913344394,Moderate,MEDIUM,Monitor weekly quiz scores and attendance trends.
907,Low,0.9902258182749458,Critical,HIGH,Schedule one-on-one academic counseling within one week.
908,Low,0.9967203809711878,Critical,HIGH,Schedule one-on-one academic counseling within one week.
909,Low,0.9947710085485464,Critical,HIGH,Schedule one-on-one academic counseling within one week.
910,Medium,0.645007453823414,Moderate,MEDIUM,Monitor weekly quiz scores and attendance trends.
911,High,0.996634657860262,Low,LOW,Maintain current support level; recognize positive performance.
912,High,0.9903769865158341,Low,LOW,Maintain current support level; recognize positive performance.
913,Low,0.9914277519982345,Critical,HIGH,Schedule one-on-one academic counseling within one week.
914,Low,0.9908474919454983,Critical,HIGH,Schedule one-on-one academic counseling within one week.
915,Low,0.8854835611033649,Critical,HIGH,Schedule one-on-one academic counseling within one week.
916,Medium,0.7384715859977874,Moderate,MEDIUM,Monitor weekly quiz scores and attendance trends.
917,Low,0.9739119978833581,Critical,HIGH,Schedule one-on-one academic counseling within one week.
918,Low,0.9985942223812718,Critical,HIGH,Schedule one-on-one academic counseling within one week.
919,Low,0.8175639952119047,Critical,HIGH,Schedule one-on-one academic counseling within one week.
920,High,0.971985389957267,Low,LOW,Maintain current support level; recognize positive performance.
921,High,0.74758327438606,Low,LOW,Maintain current support level; recognize positive performance.
922,Medium,0.9499379554380397,Moderate,MEDIUM,Monitor weekly quiz scores and attendance trends.
923,Low,0.5985434303556093,Critical,HIGH,Schedule one-on-one academic counseling within one week.
924,Medium,0.9964608889941649,Moderate,MEDIUM,Monitor weekly quiz scores and attendance trends.
925,Medium,0.755311040337224,Moderate,MEDIUM,Monitor weekly quiz scores and attendance trends.
926,Medium,0.9691831602830422,Moderate,MEDIUM,Monitor weekly quiz scores and attendance trends.
927,Low,0.9775359994453874,Critical,HIGH,Schedule one-on-one academic counseling within one week.
928,High,0.9958874322194138,Low,LOW,Maintain current support level; recognize positive performance.
929,Medium,0.911193724560387,Moderate,MEDIUM,Monitor weekly quiz scores and attendance trends.
930,Medium,0.9498922558764975,Moderate,MEDIUM,Monitor weekly quiz scores and attendance trends.
931,High,0.6753455252147939,Low,LOW,Maintain current support level; recognize positive performance.
932,Medium,0.9696742633504284,Moderate,MEDIUM,Monitor weekly quiz scores and attendance trends.
933,Medium,0.995811616583724,Moderate,MEDIUM,Monitor weekly quiz scores and attendance trends.
934,Medium,0.9076001043962039,Moderate,MEDIUM,Monitor weekly quiz scores and attendance trends.
935,Medium,0.988744737446907,Moderate,MEDIUM,Monitor weekly quiz scores and attendance trends.
936,Medium,0.8479689150834021,Moderate,MEDIUM,Monitor weekly quiz scores and attendance trends.
937,Medium,0.9907365632305574,Moderate,MEDIUM,Monitor weekly quiz scores and attendance trends.
938,Medium,0.8172909360843894,Moderate,MEDIUM,Monitor weekly quiz scores and attendance trends.
939,Medium,0.9931143972385126,Moderate,MEDIUM,Monitor weekly quiz scores and attendance trends.
940,Low,0.817847989691807,Critical,HIGH,Schedule one-on-one academic counseling within one week.
941,High,0.9564545173375905,Low,LOW,Maintain current support level; recognize positive performance.
942,Medium,0.9720219280810727,Moderate,MEDIUM,Monitor weekly quiz scores and attendance trends.
943,Medium,0.9950550623885297,Moderate,MEDIUM,Monitor weekly quiz scores and attendance trends.
944,High,0.9829676858164016,Low,LOW,Maintain current support level; recognize positive performance.
945,Medium,0.9691857799965052,Moderate,MEDIUM,Monitor weekly quiz scores and attendance trends.
946,Medium,0.8644467097356775,Moderate,MEDIUM,Monitor weekly quiz scores and attendance trends.
947,Medium,0.9165094077542738,Moderate,MEDIUM,Monitor weekly quiz scores and attendance trends.
948,Medium,0.9965230188293227,Moderate,MEDIUM,Monitor weekly quiz scores and attendance trends.
949,Medium,0.9807517049441132,Moderate,MEDIUM,Monitor weekly quiz scores and attendance trends.
950,Medium,0.9004903681400209,Moderate,MEDIUM,Monitor weekly quiz scores and attendance trends.
951,Medium,0.8528101836414893,Moderate,MEDIUM,Monitor weekly quiz scores and attendance trends.
952,Medium,0.6434146274842151,Moderate,MEDIUM,Monitor weekly quiz scores and attendance trends.
953,Medium,0.8526934006319291,Moderate,MEDIUM,Monitor weekly quiz scores and attendance trends.
954,Medium,0.861189008430121,Moderate,MEDIUM,Monitor weekly quiz scores and attendance trends.
955,Medium,0.8761629421908493,Moderate,MEDIUM,Monitor weekly quiz scores and attendance trends.
956,Medium,0.8583264835152882,Moderate,MEDIUM,Monitor weekly quiz scores and attendance trends.
957,Medium,0.7935463764150615,Moderate,MEDIUM,Monitor weekly quiz scores and attendance trends.
958,Low,0.9968649172822861,Critical,HIGH,Schedule one-on-one academic counseling within one week.
959,Medium,0.9170370548246365,Moderate,MEDIUM,Monitor weekly quiz scores and attendance trends.
960,Medium,0.9334419531790389,Moderate,MEDIUM,Monitor weekly quiz scores and attendance trends.
961,Low,0.9592765486816356,Critical,HIGH,Schedule one-on-one academic counseling within one week.
962,Low,0.9845313210383664,Critical,HIGH,Schedule one-on-one academic counseling within one week.
963,Low,0.9372816596324938,Critical,HIGH,Schedule one-on-one academic counseling within one week.
964,Low,0.9798553006923364,Critical,HIGH,Schedule one-on-one academic counseling within one week.
965,Low,0.9528415306388484,Critical,HIGH,Schedule one-on-one academic counseling within one week.
966,Low,0.8576363150720991,Critical,HIGH,Schedule one-on-one academic counseling within one week.
967,Low,0.999083217368928,Critical,HIGH,Schedule one-on-one academic counseling within one week.
968,Medium,0.7786708633855756,Moderate,MEDIUM,Monitor weekly quiz scores and attendance trends.
969,Medium,0.978762155874272,Moderate,MEDIUM,Monitor weekly quiz scores and attendance trends.
970,Medium,0.9972354998670933,Moderate,MEDIUM,Monitor weekly quiz scores and attendance trends.
971,Medium,0.9161509993495734,Moderate,MEDIUM,Monitor weekly quiz scores and attendance trends.
972,Medium,0.9660918191108342,Moderate,MEDIUM,Monitor weekly quiz scores and attendance trends.
973,Medium,0.7579639509589564,Moderate,MEDIUM,Monitor weekly quiz scores and attendance trends.
974,Low,0.6245650422344499,Critical,HIGH,Schedule one-on-one academic counseling within one week.
975,Medium,0.6995743006728767,Moderate,MEDIUM,Monitor weekly quiz scores and attendance trends.
976,Low,0.9735191813826158,Critical,HIGH,Schedule one-on-one academic counseling within one week.
977,Low,0.9823374977619312,Critical,HIGH,Schedule one-on-one academic counseling within one week.
978,Low,0.9959745176093828,Critical,HIGH,Schedule one-on-one academic counseling within one week.
979,Medium,0.990418771530631,Moderate,MEDIUM,Monitor weekly quiz scores and attendance trends.
980,Low,0.9959558758677661,Critical,HIGH,Schedule one-on-one academic counseling within one week.
981,Low,0.7226124852321545,Critical,HIGH,Schedule one-on-one academic counseling within one week.
982,Low,0.9785164060872809,Critical,HIGH,Schedule one-on-one academic counseling within one week.
983,Low,0.7231640527027171,Critical,HIGH,Schedule one-on-one academic counseling within one week.
984,Medium,0.9139065103400492,Moderate,MEDIUM,Monitor weekly quiz scores and attendance trends.
985,Low,0.974175087999725,Critical,HIGH,Schedule one-on-one academic counseling within one week.
986,High,0.9479921444602891,Low,LOW,Maintain current support level; recognize positive performance.
987,Medium,0.9468539973637367,Moderate,MEDIUM,Monitor weekly quiz scores and attendance trends.
988,High,0.8332971790713832,Low,LOW,Maintain current support level; recognize positive performance.
989,High,0.9990200153493191,Low,LOW,Maintain current support level; recognize positive performance.
990,High,0.9993748068708849,Low,LOW,Maintain current support level; recognize positive performance.
991,High,0.9915509313231495,Low,LOW,Maintain current support level; recognize positive performance.
992,Low,0.9719177638854324,Critical,HIGH,Schedule one-on-one academic counseling within one week.
993,Medium,0.9975871415371389,Moderate,MEDIUM,Monitor weekly quiz scores and attendance trends.
994,High,0.8144958320260701,Low,LOW,Maintain current support level; recognize positive performance.
995,High,0.8085721067526995,Low,LOW,Maintain current support level; recognize positive performance.
996,Low,0.8386398241677082,Critical,HIGH,Schedule one-on-one academic counseling within one week.
997,Medium,0.5911337407197375,Moderate,MEDIUM,Monitor weekly quiz scores and attendance trends.
998,Low,0.9681590334162397,Critical,HIGH,Schedule one-on-one academic counseling within one week.
999,Medium,0.9575829438839487,Moderate,MEDIUM,Monitor weekly quiz scores and attendance trends.
1000,Low,0.9980204497124768,Critical,HIGH,Schedule one-on-one academic counseling within one week.
1001,High,0.998099589269256,Low,LOW,Maintain current support level; recognize positive performance.
1002,Medium,0.9977527754088539,Moderate,MEDIUM,Monitor weekly quiz scores and attendance trends.
1003,Medium,0.9029885554427927,Moderate,MEDIUM,Monitor weekly quiz scores and attendance trends.
1004,Medium,0.9859186103015591,Moderate,MEDIUM,Monitor weekly quiz scores and attendance trends.
1005,Low,0.9981960922940604,Critical,HIGH,Schedule one-on-one academic counseling within one week.
1006,High,0.9974320754288025,Low,LOW,Maintain current support level; recognize positive performance.
1007,Medium,0.9925493403076638,Moderate,MEDIUM,Monitor weekly quiz scores and attendance trends.
1008,Medium,0.959324698595989,Moderate,MEDIUM,Monitor weekly quiz scores and attendance trends.
1009,Medium,0.9876478462582122,Moderate,MEDIUM,Monitor weekly quiz scores and attendance trends.
1010,High,0.9846347612437486,Low,LOW,Maintain current support level; recognize positive performance.
1011,High,0.7766008505094282,Low,LOW,Maintain current support level; recognize positive performance.
1012,High,0.9979469813219816,Low,LOW,Maintain current support level; recognize positive performance.
1013,High,0.996237539437008,Low,LOW,Maintain current support level; recognize positive performance.
1014,Medium,0.9184509577585602,Moderate,MEDIUM,Monitor weekly quiz scores and attendance trends.
1015,High,0.9964790492703002,Low,LOW,Maintain current support level; recognize positive performance.
1016,Medium,0.9187636943103721,Moderate,MEDIUM,Monitor weekly quiz scores and attendance trends.
1017,Low,0.7232843434561006,Critical,HIGH,Schedule one-on-one academic counseling within one week.
1018,High,0.9935954453805723,Low,LOW,Maintain current support level; recognize positive performance.
1019,Low,0.9515629982246967,Critical,HIGH,Schedule one-on-one academic counseling within one week.
1020,Medium,0.9690858749082898,Moderate,MEDIUM,Monitor weekly quiz scores and attendance trends.
1021,Low,0.991480816991843,Critical,HIGH,Schedule one-on-one academic counseling within one week.
1022,Medium,0.9014744360089054,Moderate,MEDIUM,Monitor weekly quiz scores and attendance trends.
1023,Medium,0.9912134446008081,Moderate,MEDIUM,Monitor weekly quiz scores and attendance trends.
1024,Low,0.9360449783598219,Critical,HIGH,Schedule one-on-one academic counseling within one week.
1025,High,0.9991290418947929,Low,LOW,Maintain current support level; recognize positive performance.
1026,Medium,0.9966318532045044,Moderate,MEDIUM,Monitor weekly quiz scores and attendance trends.
1027,Low,0.9687743138382461,Critical,HIGH,Schedule one-on-one academic counseling within one week.
1028,High,0.9091536159364539,Low,LOW,Maintain current support level; recognize positive performance.
1029,High,0.9992670318162644,Low,LOW,Maintain current support level; recognize positive performance.
1030,Low,0.8097964929309219,Critical,HIGH,Schedule one-on-one academic counseling within one week.
1031,High,0.9993703863199478,Low,LOW,Maintain current support level; recognize positive performance.
1032,Low,0.9974061195014523,Critical,HIGH,Schedule one-on-one academic counseling within one week.
1033,High,0.9824278929726323,Low,LOW,Maintain current support level; recognize positive performance.
1034,Low,0.9760606700233643,Critical,HIGH,Schedule one-on-one academic counseling within one week.
1035,Low,0.9941669618930449,Critical,HIGH,Schedule one-on-one academic counseling within one week.
1036,High,0.9974650691876483,Low,LOW,Maintain current support level; recognize positive performance.
1037,Medium,0.8140588243461634,Moderate,MEDIUM,Monitor weekly quiz scores and attendance trends.
1038,Medium,0.8462983453589524,Moderate,MEDIUM,Monitor weekly quiz scores and attendance trends.
1039,Medium,0.996205927564001,Moderate,MEDIUM,Monitor weekly quiz scores and attendance trends.
1040,High,0.9997336091646449,Low,LOW,Maintain current support level; recognize positive performance.
1041,Medium,0.6481652299893926,Moderate,MEDIUM,Monitor weekly quiz scores and attendance trends.
1042,Medium,0.9892872370021283,Moderate,MEDIUM,Monitor weekly quiz scores and attendance trends.
1043,Medium,0.993015646426922,Moderate,MEDIUM,Monitor weekly quiz scores and attendance trends.
